mm,N,Def 6,Cont
"0,03805141172","14,1886034","0,1","0,5"
"0,04625141141","20,36460876","0,1","0,7"
"0,05495141035","26,69329262","0,1","0,9"
"0,06325141171","31,39982986","0,2","1,1"
"0,07155140942","36,58787155","0,2","1,2"
"0,07985141441","41,96582413","0,2","1,4"
"0,08815141213","46,83713913","0,2","1,6"
"0,09675141577","53,40005112","0,2","1,8"
"0,1049514127","59,42357635","0,3","2,0"
"0,1133514112","62,48769379","0,3","2,1"
"0,1215514154","68,48844147","0,3","2,3"
"0,1300514074","73,9394455","0,3","2,5"
"0,1384514132","79,12379456","0,3","2,7"
"0,1466514101","84,13415527","0,4","2,8"
"0,1549514078","88,08509064","0,4","3,0"
"0,1631514121","95,62168121","0,4","3,2"
"0,1717514048","98,61781311","0,4","3,3"
"0,1800514098","102,7865372","0,4","3,5"
"0,1883514002","109,7779846","0,5","3,7"
"0,1965514044","114,5603333","0,5","3,9"
"0,204851424","118,7513885","0,5","4,0"
"0,2134514167","123,4847336","0,5","4,2"
"0,2216514209","129,3744202","0,5","4,4"
"0,2300514121","132,3707581","0,6","4,5"
"0,2382514164","135,3700409","0,6","4,6"
"0,2467514083","141,7472382","0,6","4,8"
"0,2552514003","144,283371","0,6","4,9"
"0,2633514038","149,5023499","0,7","5,0"
"0,2717514241","153,763092","0,7","5,2"
"0,2799514283","157,5678711","0,7","5,3"
"0,2885514065","161,6815186","0,7","5,5"
"0,2967514107","165,5366364","0,7","5,6"
"0,3050514157","170,931427","0,8","5,8"
"0,3133514207","174,4061127","0,8","5,9"
"0,3216513966","177,7830505","0,8","6,0"
"0,330251433","181,8640442","0,8","6,1"
"0,3383514073","185,5719604","0,8","6,3"
"0,3467514131","189,0306091","0,9","6,4"
"0,3548514166","192,9335022","0,9","6,5"
"0,3634514238","197,6752319","0,9","6,7"
"0,3718514005","201,0914001","0,9","6,8"
"0,3800514047","204,640274","0,9","6,9"
"0,3883514097","208,0077057","1,0","7,0"
"0,3965513848","211,1782074","1,0","7,1"
"0,4051514212","217,3946228","1,0","7,3"
"0,4134513971","219,8714447","1,0","7,4"
"0,4216514304","223,615036","1,0","7,6"
"0,4299514063","227,5700684","1,1","7,7"
"0,4383514121","229,0257416","1,1","7,7"
"0,4469514194","234,9460602","1,1","7,9"
"0,4550514228","238,0028687","1,1","8,0"
"0,4634513995","243,2196198","1,1","8,2"
"0,471551403","245,9028931","1,2","8,3"
"0,4801514102","249,0652466","1,2","8,4"
"0,488551416","253,4002228","1,2","8,6"
"0,4966514195","255,7610016","1,2","8,6"
"0,5050513961","258,6480713","1,2","8,7"
"0,5132514294","264,012085","1,3","8,9"
"0,5218514367","266,8406677","1,3","9,0"
"0,5301514417","271,138092","1,3","9,2"
"0,5383513877","274,1756287","1,3","9,3"
"0,5466513927","278,4082031","1,3","9,4"
"0,5549514559","282,1665955","1,4","9,5"
"0,563551405","286,6035156","1,4","9,7"
"0,5716514085","288,4656982","1,4","9,7"
"0,5800514142","292,4962769","1,4","9,9"
"0,5882514185","293,9127808","1,5","9,9"
"0,5966514242","299,078186","1,5","10,1"
"0,6052514315","303,5020447","1,5","10,2"
"0,6133513767","307,2837219","1,5","10,4"
"0,6217514407","308,9836731","1,5","10,4"
"0,6299514449","311,7167358","1,6","10,5"
"0,638551394","317,2868958","1,6","10,7"
"0,646851399","320,3914185","1,6","10,8"
"0,6550514032","322,9099426","1,6","10,9"
"0,6633514082","329,0522461","1,6","11,1"
"0,6716514132","328,8534851","1,7","11,1"
"0,6801514197","333,0067139","1,7","11,2"
"0,6883513658","337,0464783","1,7","11,4"
"0,6967514297","340,9124451","1,7","11,5"
"0,7049513757","342,802948","1,7","11,6"
"0,7133514397","346,6226807","1,8","11,7"
"0,721851388","351,8508911","1,8","11,9"
"0,7300513922","355,2824097","1,8","12,0"
"0,7383513972","358,2658997","1,8","12,1"
"0,7465514015","359,5375977","1,8","12,1"
"0,7551514087","364,2625427","1,9","12,3"
"0,7634514137","368,4189758","1,9","12,4"
"0,7716513598","370,0362244","1,9","12,5"
"0,7800514237","373,4342041","1,9","12,6"
"0,7882513697","378,2167664","1,9","12,8"
"0,796851377","378,9873962","2,0","12,8"
"0,8050513813","385,1609497","2,0","13,0"
"0,813451387","387,1270142","2,0","13,1"
"0,8215514487","390,8991394","2,0","13,2"
"0,830051397","394,473175","2,0","13,3"
"0,8385514035","397,9513245","2,1","13,4"
"0,846651407","400,6536865","2,1","13,5"
"0,8550514127","404,4050293","2,1","13,7"
"0,8632513588","407,0719299","2,1","13,7"
"0,871851366","409,907135","2,2","13,8"
"0,880151371","414,0873413","2,2","14,0"
"0,8883514335","418,5984192","2,2","14,1"
"0,8966513802","420,5475769","2,2","14,2"
"0,9049513852","424,1778564","2,2","14,3"
"0,9135513925","425,2489624","2,3","14,4"
"0,921751455","431,0308838","2,3","14,6"
"0,9300514017","432,1765747","2,3","14,6"
"0,938251406","436,6951904","2,3","14,7"
"0,9466514117","441,0271301","2,3","14,9"
"0,955251419","440,9163513","2,4","14,9"
"0,9633514225","445,0598145","2,4","15,0"
"0,97175137","449,2300415","2,4","15,2"
"0,9798514317","451,4457397","2,4","15,2"
"0,988451439","454,472229","2,4","15,3"
"0,9968513865","457,3581543","2,5","15,4"
"1,005051449","462,2888184","2,5","15,6"
"1,013351454","463,2993164","2,5","15,6"
"1,0215514","466,5079346","2,5","15,8"
"1,030251466","470,8024597","2,5","15,9"
"1,038351411","473,7200623","2,6","16,0"
"1,046751475","476,0157166","2,6","16,1"
"1,054851421","477,7106934","2,6","16,1"
"1,063351485","481,6510315","2,6","16,3"
"1,071851434","486,5791321","2,6","16,4"
"1,08005138","487,8173218","2,7","16,5"
"1,088351443","490,5357666","2,7","16,6"
"1,096551389","494,8971863","2,7","16,7"
"1,105151338","497,825592","2,7","16,8"
"1,113451401","499,3487549","2,7","16,9"
"1,121651464","503,9619446","2,8","17,0"
"1,12995141","506,6757202","2,8","17,1"
"1,138251357","507,9317627","2,8","17,2"
"1,146851306","510,4283142","2,8","17,2"
"1,155051369","515,1811523","2,9","17,4"
"1,163351316","516,4506226","2,9","17,4"
"1,171651379","519,6489258","2,9","17,5"
"1,179951326","524,1270142","2,9","17,7"
"1,188551391","526,847168","2,9","17,8"
"1,196751453","530,0060425","3,0","17,9"
"1,205151401","532,7216187","3,0","18,0"
"1,213251463","534,4766235","3,0","18,1"
"1,221751411","537,8394165","3,0","18,2"
"1,230151359","539,7553711","3,0","18,2"
"1,23825142","544,0907593","3,1","18,4"
"1,246651484","546,2285156","3,1","18,4"
"1,25485143","549,5505371","3,1","18,6"
"1,263451379","550,1130981","3,1","18,6"
"1,271751442","552,1968994","3,1","18,6"
"1,280051389","558,7305908","3,2","18,9"
"1,288251452","560,4819946","3,2","18,9"
"1,296551398","563,0996094","3,2","19,0"
"1,305251465","564,9402466","3,2","19,1"
"1,31335141","567,0415649","3,2","19,2"
"1,321651357","570,5517578","3,3","19,3"
"1,329851419","574,5374756","3,3","19,4"
"1,338351484","576,9415894","3,3","19,5"
"1,346851432","577,6759033","3,3","19,5"
"1,354951494","580,7156372","3,3","19,6"
"1,363351441","585,0841675","3,4","19,8"
"1,371551504","587,9486084","3,4","19,9"
"1,380251454","590,8104858","3,4","20,0"
"1,3884514","593,3939819","3,4","20,0"
"1,396751463","594,395874","3,4","20,1"
"1,404951409","598,4006958","3,5","20,2"
"1,413351357","601,1993408","3,5","20,3"
"1,42175142","603,7337036","3,5","20,4"
"1,430051367","604,5980835","3,5","20,4"
"1,43835143","608,2246704","3,6","20,5"
"1,446551377","611,7731934","3,6","20,7"
"1,455051325","612,3480835","3,6","20,7"
"1,463551506","614,3079224","3,6","20,7"
"1,471651335","616,6800537","3,6","20,8"
"1,480051399","619,1497803","3,7","20,9"
"1,488151344","622,0376587","3,7","21,0"
"1,49675141","624,0217285","3,7","21,1"
"1,505051473","628,2547607","3,7","21,2"
"1,513351419","629,9456177","3,7","21,3"
"1,521651483","633,3383179","3,8","21,4"
"1,529851429","636,8971558","3,8","21,5"
"1,538551379","636,887207","3,8","21,5"
"1,54665144","641,3607788","3,8","21,7"
"1,555051388","643,026001","3,8","21,7"
"1,56325145","644,6719971","3,9","21,8"
"1,571751399","647,3137207","3,9","21,9"
"1,580151346","646,9515991","3,9","21,8"
"1,588251408","652,6748047","3,9","22,0"
"1,596651355","654,4353638","3,9","22,1"
"1,604851418","658,6431885","4,0","22,2"
"1,613451367","660,1876831","4,0","22,3"
"1,621651429","662,3428955","4,0","22,4"
"1,629951376","663,4075317","4,0","22,4"
"1,638251323","667,6650391","4,0","22,5"
"1,646551386","668,4406738","4,1","22,6"
"1,655151451","670,1245117","4,1","22,6"
"1,663251513","674,1888428","4,1","22,8"
"1,671651461","675,333374","4,1","22,8"
"1,679851523","678,9498291","4,1","22,9"
"1,688251471","680,5172119","4,2","23,0"
"1,69685142","682,269104","4,2","23,0"
"1,704951481","688,2521973","4,2","23,2"
"1,713351429","688,1439819","4,2","23,2"
"1,721551375","691,9841919","4,3","23,4"
"1,73005144","693,718689","4,3","23,4"
"1,738351387","693,8804321","4,3","23,4"
"1,74665145","695,2474976","4,3","23,5"
"1,754951397","699,5663452","4,3","23,6"
"1,763251343","700,5012817","4,4","23,7"
"1,771851409","703,3318481","4,4","23,8"
"1,779951354","704,484436","4,4","23,8"
"1,788451419","707,87146","4,4","23,9"
"1,796551364","709,1680908","4,4","24,0"
"1,805051429","712,255249","4,5","24,1"
"1,813451493","713,3008423","4,5","24,1"
"1,821651439","715,2793579","4,5","24,2"
"1,830051386","719,0006714","4,5","24,3"
"1,838151448","719,3587036","4,5","24,3"
"1,846751397","722,1696167","4,6","24,4"
"1,85505146","724,5056152","4,6","24,5"
"1,863351407","726,7850952","4,6","24,5"
"1,871551469","728,1956177","4,6","24,6"
"1,879951417","730,9234009","4,6","24,7"
"1,888451365","734,0303345","4,7","24,8"
"1,896651428","733,7278442","4,7","24,8"
"1,905051375","737,1702881","4,7","24,9"
"1,913151437","736,3892822","4,7","24,9"
"1,921751386","740,5549316","4,7","25,0"
"1,93015145","742,4349365","4,8","25,1"
"1,938351396","745,2561035","4,8","25,2"
"1,946651343","746,8609009","4,8","25,2"
"1,954851405","749,3604126","4,8","25,3"
"1,963451471","750,1808472","4,8","25,3"
"1,971651417","753,5492554","4,9","25,4"
"1,980051481","754,6473389","4,9","25,5"
"1,98825131","757,0874023","4,9","25,6"
"1,996651374","758,0803833","4,9","25,6"
"2,005151555","760,0511475","5,0","25,7"
"2,013351385","762,3590088","5,0","25,7"
"2,021651332","764,1083374","5,0","25,8"
"2,029851394","766,489502","5,0","25,9"
"2,03845146","767,6923218","5,0","25,9"
"2,046751407","767,0111694","5,1","25,9"
"2,054951469","772,0860596","5,1","26,1"
"2,0633513","773,2374268","5,1","26,1"
"2,071551595","774,854248","5,1","26,2"
"2,080151428","778,1985474","5,1","26,3"
"2,08835149","779,111084","5,2","26,3"
"2,096651437","781,1911011","5,2","26,4"
"2,104951384","784,3547974","5,2","26,5"
"2,113351448","784,6193237","5,2","26,5"
"2,121951513","785,4714966","5,2","26,5"
"2,130051226","788,295105","5,3","26,6"
"2,138351406","789,7843628","5,3","26,7"
"2,146551235","795,9562988","5,3","26,9"
"2,155151301","793,5310669","5,3","26,8"
"2,16345148","792,9697876","5,3","26,8"
"2,17165131","796,5348511","5,4","26,9"
"2,180051607","798,3861694","5,4","27,0"
"2,188251436","800,2949219","5,4","27,0"
"2,196851502","802,6326904","5,4","27,1"
"2,205051331","802,9787598","5,4","27,1"
"2,213351511","804,8904419","5,5","27,2"
"2,221551341","804,5628052","5,5","27,2"
"2,229951405","808,2073364","5,5","27,3"
"2,238551237","809,9830933","5,5","27,4"
"2,246651415","812,4185791","5,5","27,4"
"2,255051246","812,8151855","5,6","27,5"
"2,263151424","815,736084","5,6","27,5"
"2,271751257","815,9779663","5,6","27,6"
"2,280051437","817,2931519","5,6","27,6"
"2,288251266","820,4129028","5,7","27,7"
"2,29665133","823,3395386","5,7","27,8"
"2,304951277","826,8276978","5,7","27,9"
"2,313551343","826,8304443","5,7","27,9"
"2,321651288","825,7573242","5,7","27,9"
"2,330051352","828,3289185","5,8","28,0"
"2,338251414","828,883667","5,8","28,0"
"2,346751363","830,84729","5,8","28,1"
"2,355151427","833,3436279","5,8","28,1"
"2,363251372","834,6212158","5,8","28,2"
"2,371651436","836,2475586","5,9","28,2"
"2,379851498","837,3728638","5,9","28,3"
"2,388451564","838,527771","5,9","28,3"
"2,396751278","840,0841675","5,9","28,4"
"2,404951573","839,382019","5,9","28,3"
"2,413351404","842,5447388","6,0","28,5"
"2,421451582","843,7418823","6,0","28,5"
"2,430251183","843,6055298","6,0","28,5"
"2,438351362","845,3922119","6,0","28,6"
"2,446651308","847,8644409","6,0","28,6"
"2,454951488","848,0032959","6,1","28,6"
"2,463251435","849,3275146","6,1","28,7"
"2,4718515","852,6032104","6,1","28,8"
"2,480051563","853,0339966","6,1","28,8"
"2,488351509","854,7284546","6,1","28,9"
"2,496551339","855,9363403","6,2","28,9"
"2,505051287","857,5286255","6,2","29,0"
"2,513451584","857,9185181","6,2","29,0"
"2,521651414","858,1669922","6,2","29,0"
"2,529951593","859,3937378","6,2","29,0"
"2,538251307","861,0119019","6,3","29,1"
"2,546851373","861,757019","6,3","29,1"
"2,555051435","863,8322144","6,3","29,2"
"2,563351382","864,8051147","6,3","29,2"
"2,571551444","868,0568848","6,3","29,3"
"2,580051393","868,6514893","6,4","29,3"
"2,588451224","868,9436646","6,4","29,3"
"2,596651519","870,3589478","6,4","29,4"
"2,604951233","871,447937","6,4","29,4"
"2,613151528","873,3137207","6,5","29,5"
"2,621751594","874,6210327","6,5","29,5"
"2,630151425","876,9370728","6,5","29,6"
"2,638351487","876,7363892","6,5","29,6"
"2,646651434","876,1514282","6,5","29,6"
"2,654951614","878,8561401","6,6","29,7"
"2,663551447","876,6803589","6,6","29,6"
"2,671651392","880,7940674","6,6","29,7"
"2,680051456","878,8187256","6,6","29,7"
"2,688251518","881,6849976","6,6","29,8"
"2,696751234","883,5866089","6,7","29,8"
"2,70515153","884,9677734","6,7","29,9"
"2,71335136","887,4902954","6,7","30,0"
"2,72165154","885,4227905","6,7","29,9"
"2,729851369","888,8666992","6,7","30,0"
"2,738451435","888,3909302","6,8","30,0"
"2,746651264","889,2141113","6,8","30,0"
"2,754951444","890,8918457","6,8","30,1"
"2,763251391","896,4668579","6,8","30,3"
"2,771551338","893,5090942","6,8","30,2"
"2,780151403","894,7246704","6,9","30,2"
"2,788351466","896,0886841","6,9","30,3"
"2,796651412","895,3009033","6,9","30,2"
"2,804851475","897,0840454","6,9","30,3"
"2,813351423","899,1594238","6,9","30,4"
"2,821751254","899,9802856","7,0","30,4"
"2,829951549","899,8303223","7,0","30,4"
"2,838351381","901,0702515","7,0","30,4"
"2,846551443","901,1688843","7,0","30,4"
"2,855251393","901,5203247","7,1","30,4"
"2,863351571","903,3486328","7,1","30,5"
"2,871651285","904,1314087","7,1","30,5"
"2,879951464","904,5043335","7,1","30,5"
"2,888351296","907,3208618","7,1","30,6"
"2,896851477","907,6619263","7,2","30,7"
"2,904951422","907,6190796","7,2","30,7"
"2,91345137","910,0108032","7,2","30,7"
"2,921451431","910,2827148","7,2","30,7"
"2,930051497","910,321228","7,2","30,7"
"2,938451561","911,3706665","7,3","30,8"
"2,94665139","911,4420166","7,3","30,8"
"2,95495157","913,0214233","7,3","30,8"
"2,9631514","914,3167114","7,3","30,9"
"2,971851582","913,361084","7,3","30,8"
"2,980051412","915,4451904","7,4","30,9"
"2,988351591","915,2155151","7,4","30,9"
"2,996551421","917,5545044","7,4","31,0"
"3,004951485","917,7068481","7,4","31,0"
"3,013551318","918,3574829","7,4","31,0"
"3,021651496","918,2498169","7,5","31,0"
"3,030051327","916,3652344","7,5","30,9"
"3,038251389","919,7753906","7,5","31,1"
"3,046751338","919,390686","7,5","31,1"
"3,055151402","919,3096313","7,5","31,0"
"3,063351231","923,2286987","7,6","31,2"
"3,071651411","922,1700439","7,6","31,1"
"3,07985124","921,2527466","7,6","31,1"
"3,088451306","922,8017578","7,6","31,2"
"3,096751486","922,9656372","7,6","31,2"
"3,105051432","923,0079956","7,7","31,2"
"3,113251495","924,2835693","7,7","31,2"
"3,121651326","923,7330322","7,7","31,2"
"3,130151507","922,854126","7,7","31,2"
"3,138251452","927,963623","7,7","31,3"
"3,146651516","925,3374634","7,8","31,3"
"3,154851346","927,1152344","7,8","31,3"
"3,16325141","926,0651245","7,8","31,3"
"3,171751358","925,7442017","7,8","31,3"
"3,180051538","930,5491333","7,9","31,4"
"3,188351252","925,0042114","7,9","31,2"
"3,196551547","929,3849487","7,9","31,4"
"3,205151612","927,5480347","7,9","31,3"
"3,213351442","931,4788208","7,9","31,5"
"3,221651389","929,867981","8,0","31,4"
"3,229951336","930,125","8,0","31,4"
"3,238351632","932,0869141","8,0","31,5"
"3,246851348","932,1483154","8,0","31,5"
"3,254951526","931,5015869","8,0","31,5"
"3,263451474","932,0200806","8,1","31,5"
"3,27155142","930,8604126","8,1","31,4"
"3,280051368","932,7579346","8,1","31,5"
"3,288451432","932,7434692","8,1","31,5"
"3,296651261","933,7037354","8,1","31,5"
"3,304951441","934,6358643","8,2","31,6"
"3,313151271","935,631958","8,2","31,6"
"3,321851453","934,2911377","8,2","31,6"
"3,330051283","934,5692749","8,2","31,6"
"3,338251578","936,3508911","8,2","31,6"
"3,346551292","935,4381104","8,3","31,6"
"3,354851472","935,3311768","8,3","31,6"
"3,363551422","935,8548584","8,3","31,6"
"3,371651367","939,2261963","8,3","31,7"
"3,380051198","938,5236206","8,3","31,7"
"3,388251493","936,864502","8,4","31,6"
"3,396751442","936,9013062","8,4","31,6"
"3,405151273","937,3012085","8,4","31,7"
"3,413251451","935,2677612","8,4","31,6"
"3,421651282","940,1207886","8,4","31,8"
"3,429851577","937,9552612","8,5","31,7"
"3,43845141","938,281311","8,5","31,7"
"3,446751357","936,2363892","8,5","31,6"
"3,455051303","939,4730835","8,5","31,7"
"3,463251599","937,7824707","8,6","31,7"
"3,471551313","939,8137207","8,6","31,7"
"3,480151378","938,930542","8,6","31,7"
"3,488251323","939,2344971","8,6","31,7"
"3,496651387","938,1994019","8,6","31,7"
"3,50485145","938,7758179","8,7","31,7"
"3,513351398","938,9880981","8,7","31,7"
"3,521751229","940,0982666","8,7","31,7"
"3,529951524","940,0747681","8,7","31,7"
"3,538351588","941,3388672","8,7","31,8"
"3,546451534","939,5012817","8,8","31,7"
"3,555151484","941,4577637","8,8","31,8"
"3,563351313","941,4194946","8,8","31,8"
"3,571651493","942,8164673","8,8","31,8"
"3,57995144","940,3638916","8,8","31,8"
"3,588251619","941,2067261","8,9","31,8"
"3,596851452","940,3144531","8,9","31,8"
"3,604951397","940,1130981","8,9","31,7"
"3,613351461","939,5437012","8,9","31,7"
"3,621551523","941,6221313","8,9","31,8"
"3,630051239","940,8078003","9,0","31,8"
"3,638451536","940,4301147","9,0","31,8"
"3,646651365","941,288208","9,0","31,8"
"3,654951545","939,8226318","9,0","31,7"
"3,663151375","941,8745728","9,0","31,8"
"3,671851324","939,1572266","9,1","31,7"
"3,68005162","940,4661865","9,1","31,8"
"3,688351334","939,8206787","9,1","31,7"
"3,696551396","940,8780518","9,1","31,8"
"3,704851343","940,0814209","9,1","31,7"
"3,713451408","940,0341797","9,2","31,7"
"3,721651471","940,4608154","9,2","31,8"
"3,730051535","940,2788086","9,2","31,8"
"3,73815148","939,0966187","9,2","31,7"
"3,746751545","941,036438","9,3","31,8"
"3,755151377","941,0379639","9,3","31,8"
"3,763251555","940,6729126","9,3","31,8"
"3,771651386","940,2463379","9,3","31,8"
"3,779851448","940,6932373","9,3","31,8"
"3,788551398","940,2518921","9,4","31,8"
"3,796751461","939,7180176","9,4","31,7"
"3,805051407","938,4368286","9,4","31,7"
"3,81325147","940,97229","9,4","31,8"
"3,821651301","939,0918579","9,4","31,7"
"3,830151482","941,4406128","9,5","31,8"
"3,838351312","940,1771851","9,5","31,8"
"3,846651491","937,8359375","9,5","31,7"
"3,854851321","937,8499146","9,5","31,7"
"3,863351502","939,9856567","9,5","31,7"
"3,87185145","939,6356812","9,6","31,7"
"3,879951396","940,149292","9,6","31,8"
"3,888251575","939,7376099","9,6","31,7"
"3,896451405","938,9439087","9,6","31,7"
"3,905151355","940,0405273","9,6","31,7"
"3,913351417","937,9614868","9,7","31,7"
"3,921651364","938,4994507","9,7","31,7"
"3,929951311","938,7067871","9,7","31,7"
"3,93825149","939,4501953","9,7","31,7"
"3,946851323","937,2467651","9,7","31,7"
"3,954951501","937,7646484","9,8","31,7"
"3,963351565","938,8772583","9,8","31,7"
"3,971451277","936,5353394","9,8","31,6"
"3,980151227","937,3956299","9,8","31,7"
"3,98845164","937,1640015","9,8","31,7"
"3,996651469","939,5960693","9,9","31,7"
"4,005051533","937,4714355","9,9","31,7"
"4,013251363","935,9616089","9,9","31,6"
"4,021751544","936,2975464","9,9","31,6"
"4,029951374","935,7889404","10,0","31,6"
"4,038351438","937,0761719","10,0","31,6"
"4,046551267","938,3850098","10,0","31,7"
"4,054951331","934,6591187","10,0","31,6"
"4,063451512","935,7470703","10,0","31,6"
"4,071651808","936,6923218","10,1","31,6"
"4,079951289","937,7271729","10,1","31,7"
"4,088151584","936,7417603","10,1","31,6"
"4,096651299","934,6625366","10,1","31,6"
"4,105151481","936,4375","10,1","31,6"
"4,113251193","934,9070435","10,2","31,6"
"4,121651257","935,0325317","10,2","31,6"
"4,129851552","932,5845947","10,2","31,5"
"4,138551502","933,9510498","10,2","31,5"
"4,146751797","936,4844971","10,2","31,6"
"4,155051278","934,6866455","10,3","31,6"
"4,163251574","931,2822266","10,3","31,5"
"4,171651638","933,7205811","10,3","31,5"
"4,18025147","934,2356567","10,3","31,6"
"4,188351183","934,6403198","10,3","31,6"
"4,196751247","933,1397095","10,4","31,5"
"4,204851425","931,3324585","10,4","31,5"
"4,213451723","932,0059204","10,4","31,5"
"4,221851321","931,9107666","10,4","31,5"
"4,2299515","930,7505493","10,4","31,4"
"4,238351563","932,4884033","10,5","31,5"
"4,246451742","931,9150391","10,5","31,5"
"4,255151226","930,9228516","10,5","31,4"
"4,263451173","931,732666","10,5","31,5"
"4,271651468","929,3044434","10,5","31,4"
"4,279951415","931,2221069","10,6","31,4"
"4,288251361","929,0456543","10,6","31,4"
"4,296851194","931,1134033","10,6","31,4"
"4,305051489","930,3829346","10,6","31,4"
"4,313351436","928,2612305","10,7","31,3"
"4,321551731","929,062561","10,7","31,4"
"4,330051447","925,4594116","10,7","31,3"
"4,338451511","929,8651123","10,7","31,4"
"4,34665134","930,5934448","10,7","31,4"
"4,355051404","927,90625","10,8","31,3"
"4,363151117","929,0718994","10,8","31,4"
"4,371851532","926,0003662","10,8","31,3"
"4,380051362","927,4477539","10,8","31,3"
"4,388251657","928,656189","10,8","31,4"
"4,396551138","925,2662354","10,9","31,2"
"4,404951202","928,0608521","10,9","31,3"
"4,413451383","925,0960693","10,9","31,2"
"4,421651679","926,6392212","10,9","31,3"
"4,42995116","925,9324951","10,9","31,3"
"4,438151455","925,595459","11,0","31,3"
"4,446651636","927,2800293","11,0","31,3"
"4,455151352","924,0074463","11,0","31,2"
"4,463151413","922,0306396","11,0","31,1"
"4,471651128","922,8187866","11,0","31,2"
"4,479751306","923,4802856","11,1","31,2"
"4,488451256","922,3643799","11,1","31,2"
"4,496751668","923,8114624","11,1","31,2"
"4,504951032","922,9956055","11,1","31,2"
"4,513251445","921,4186401","11,1","31,1"
"4,521651509","921,0065918","11,2","31,1"
"4,53015169","923,3228149","11,2","31,2"
"4,538251402","922,4262085","11,2","31,2"
"4,546751118","921,9711914","11,2","31,1"
"4,554851296","920,0992432","11,2","31,1"
"4,563351477","920,6792603","11,3","31,1"
"4,571751075","919,8580933","11,3","31,1"
"4,579951371","918,2907715","11,3","31,0"
"4,588251317","921,1355591","11,3","31,1"
"4,596451613","919,7848511","11,3","31,1"
"4,605151563","919,0640869","11,4","31,0"
"4,613351392","919,477417","11,4","31,1"
"4,621651339","917,8568726","11,4","31,0"
"4,629851634","916,2354126","11,4","30,9"
"4,638251698","919,4112549","11,5","31,1"
"4,646851065","916,8600464","11,5","31,0"
"4,654951243","917,8300781","11,5","31,0"
"4,663351307","918,0556641","11,5","31,0"
"4,671451485","915,0553589","11,5","30,9"
"4,680051318","915,3329468","11,6","30,9"
"4,688351265","916,0075684","11,6","30,9"
"4,696651677","916,7408447","11,6","31,0"
"4,704951624","917,8274536","11,6","31,0"
"4,713251105","917,9332886","11,6","31,0"
"4,721851403","914,6681519","11,7","30,9"
"4,730051233","916,2442017","11,7","30,9"
"4,738351645","914,0991211","11,7","30,9"
"4,746551009","914,4641724","11,7","30,9"
"4,754951073","913,8734741","11,7","30,9"
"4,763451254","915,2616577","11,8","30,9"
"4,77165155","915,0472412","11,8","30,9"
"4,779951497","913,8466797","11,8","30,9"
"4,788151326","914,0118408","11,8","30,9"
"4,796851276","913,9934692","11,8","30,9"
"4,805051571","912,2894287","11,9","30,8"
"4,813351518","912,2960205","11,9","30,8"
"4,821651465","910,9320679","11,9","30,8"
"4,829851294","910,5491333","11,9","30,8"
"4,838451593","910,4555054","11,9","30,7"
"4,846651422","912,2230225","12,0","30,8"
"4,854951369","908,0820313","12,0","30,7"
"4,863151199","908,6636353","12,0","30,7"
"4,87165138","905,017395","12,0","30,6"
"4,880151561","910,9350586","12,0","30,8"
"4,888251273","909,1731567","12,1","30,7"
"4,896651337","907,2970581","12,1","30,6"
"4,904851633","909,0438232","12,1","30,7"
"4,913451465","909,0593872","12,1","30,7"
"4,921751412","907,9540405","12,2","30,7"
"4,929951242","907,4796753","12,2","30,6"
"4,938351306","907,894104","12,2","30,7"
"4,946551601","906,798645","12,2","30,6"
"4,955251551","908,2501831","12,2","30,7"
"4,963351263","905,9873657","12,3","30,6"
"4,97165121","907,7661743","12,3","30,7"
"4,979851505","906,2512817","12,3","30,6"
"4,988351686","906,2645874","12,3","30,6"
"4,996751285","904,7389526","12,3","30,6"
"5,004951114","905,1234131","12,4","30,6"
"5,013351644","904,7855225","12,4","30,6"
"5,021451356","904,4528198","12,4","30,5"
"5,030151772","902,34198","12,4","30,5"
"5,038351136","903,5897217","12,4","30,5"
"5,046651548","903,9302979","12,5","30,5"
"5,054951495","903,5046387","12,5","30,5"
"5,063250976","903,9453735","12,5","30,5"
"5,071851274","904,3831177","12,5","30,5"
"5,08005157","902,7285156","12,5","30,5"
"5,088351517","902,6491089","12,6","30,5"
"5,096551812","903,1062622","12,6","30,5"
"5,105051062","902,3811035","12,6","30,5"
"5,113451126","902,1809692","12,6","30,5"
"5,121651421","900,5408325","12,6","30,4"
"5,130051485","901,322998","12,7","30,4"
"5,138151197","900,8157349","12,7","30,4"
"5,146851147","901,8327026","12,7","30,5"
"5,155051442","899,885437","12,7","30,4"
"5,163351389","901,7113647","12,7","30,5"
"5,171651336","899,3435669","12,8","30,4"
"5,179851166","901,1374512","12,8","30,4"
"5,188551581","900,0838013","12,8","30,4"
"5,196651759","898,0214844","12,8","30,3"
"5,205051823","899,3245239","12,9","30,4"
"5,213251187","896,9134521","12,9","30,3"
"5,221651251","897,4872437","12,9","30,3"
"5,230151432","898,8239136","12,9","30,4"
"5,23825161","897,8352661","12,9","30,3"
"5,246651209","897,3173218","13,0","30,3"
"5,254851504","897,0977173","13,0","30,3"
"5,263451336","896,2034912","13,0","30,3"
"5,271751749","896,0296021","13,0","30,3"
"5,279951113","896,4008179","13,0","30,3"
"5,288251525","895,3881226","13,1","30,2"
"5,296551472","894,2192383","13,1","30,2"
"5,30515177","894,2850952","13,1","30,2"
"5,313351134","892,315918","13,1","30,1"
"5,321651547","894,3453979","13,1","30,2"
"5,329851376","893,6802368","13,2","30,2"
"5,338351558","894,4349976","13,2","30,2"
"5,346751621","892,8104248","13,2","30,2"
"5,354951451","893,5452271","13,2","30,2"
"5,363351515","892,9584351","13,2","30,2"
"5,371451693","894,2869263","13,3","30,2"
"5,380051526","894,9177246","13,3","30,2"
"5,388451124","892,7046509","13,3","30,1"
"5,396651419","890,8358154","13,3","30,1"
"5,404951366","893,0083618","13,3","30,2"
"5,413151661","892,0687256","13,4","30,1"
"5,421751028","892,8433228","13,4","30,2"
"5,429951324","891,7153931","13,4","30,1"
"5,438351388","890,9447632","13,4","30,1"
"5,446551683","889,5931396","13,4","30,0"
"5,454951281","890,921875","13,5","30,1"
"5,463451462","889,7874756","13,5","30,1"
"5,47155164","890,267395","13,5","30,1"
"5,479951704","889,3970947","13,5","30,0"
"5,488151068","889,171814","13,6","30,0"
"5,496751367","889,0157471","13,6","30,0"
"5,505051313","888,1540527","13,6","30,0"
"5,513251609","888,6488647","13,6","30,0"
"5,52155109","889,5351563","13,6","30,0"
"5,529851502","888,4555054","13,7","30,0"
"5,538551452","887,9988403","13,7","30,0"
"5,54665163","887,5375977","13,7","30,0"
"5,554951577","886,93573","13,7","30,0"
"5,563151407","887,3866577","13,7","30,0"
"5,571651588","887,3965454","13,8","30,0"
"5,580151303","887,9795532","13,8","30,0"
"5,588351598","886,8188477","13,8","29,9"
"5,59665108","888,0518188","13,8","30,0"
"5,604851375","885,6687012","13,8","29,9"
"5,613451208","885,7039185","13,9","29,9"
"5,62175162","885,3359375","13,9","29,9"
"5,629950984","885,2060547","13,9","29,9"
"5,638251396","884,3272095","13,9","29,9"
"5,646551343","884,8294067","13,9","29,9"
"5,655151641","884,8544312","14,0","29,9"
"5,663251354","884,2402344","14,0","29,9"
"5,671651418","885,2321777","14,0","29,9"
"5,679851247","883,9976196","14,0","29,9"
"5,688351429","883,3455811","14,0","29,8"
"5,696751493","883,4558716","14,1","29,8"
"5,704951322","881,8389893","14,1","29,8"
"5,713251269","883,3341675","14,1","29,8"
"5,721451564","881,7190552","14,1","29,8"
"5,730051397","882,6870728","14,1","29,8"
"5,738351344","882,9415283","14,2","29,8"
"5,74665129","881,6897583","14,2","29,8"
"5,754951237","882,2157593","14,2","29,8"
"5,76325165","882,4894409","14,2","29,8"
"5,771851017","882,8341064","14,3","29,8"
"5,779951195","882,7789307","14,3","29,8"
"5,788351259","880,8016357","14,3","29,7"
"5,796551554","881,9956055","14,3","29,8"
"5,805051735","882,5075684","14,3","29,8"
"5,813451333","880,0276489","14,4","29,7"
"5,821651629","880,1165771","14,4","29,7"
"5,829951576","880,3691406","14,4","29,7"
"5,838151405","880,1477661","14,4","29,7"
"5,846751238","877,8026123","14,4","29,6"
"5,855051185","877,8267822","14,5","29,6"
"5,863351597","880,3790894","14,5","29,7"
"5,871551427","877,9115601","14,5","29,6"
"5,879851373","878,6399536","14,5","29,7"
"5,888451206","878,8274536","14,5","29,7"
"5,896651501","878,1530151","14,6","29,7"
"5,904951448","878,5678101","14,6","29,7"
"5,913151278","878,1661377","14,6","29,7"
"5,921651459","876,6026001","14,6","29,6"
"5,93015164","876,7236938","14,6","29,6"
"5,938251352","876,7800293","14,7","29,6"
"5,946651416","876,3322754","14,7","29,6"
"5,954851246","876,9248657","14,7","29,6"
"5,963451544","876,9539795","14,7","29,6"
"5,971751491","876,6478882","14,7","29,6"
"5,979951786","875,118042","14,8","29,6"
"5,988351385","877,3999023","14,8","29,6"
"5,996551214","875,5661011","14,8","29,6"
"6,005151513","874,8930664","14,8","29,5"
"6,013351808","875,7227783","14,8","29,6"
"6,021751406","875,4238892","14,9","29,6"
"6,029851584","875,382019","14,9","29,6"
"6,0383513","875,6734009","14,9","29,6"
"6,046851481","874,4456787","14,9","29,5"
"6,054951193","873,9263916","15,0","29,5"
"6,063351257","874,899292","15,0","29,5"
"6,071451435","872,9411011","15,0","29,5"
"6,080151385","872,8556519","15,0","29,5"
"6,088351215","873,9400635","15,0","29,5"
"6,096651162","874,1640015","15,1","29,5"
"6,104951574","872,1234131","15,1","29,5"
"6,113151404","873,0594482","15,1","29,5"
"6,121851819","873,5784912","15,1","29,5"
"6,129951066","872,4854126","15,1","29,5"
"6,138351596","873,6987305","15,2","29,5"
"6,146451308","873,40271","15,2","29,5"
"6,154951489","871,2362671","15,2","29,4"
"6,163451205","872,1337891","15,2","29,5"
"6,171551383","872,6466675","15,2","29,5"
"6,180051564","872,7429199","15,3","29,5"
"6,188251393","871,4306641","15,3","29,4"
"6,196751109","873,0546875","15,3","29,5"
"6,205051521","871,9021606","15,3","29,4"
"6,213351468","871,1998901","15,3","29,4"
"6,221651415","871,7617188","15,4","29,4"
"6,229951362","870,6264038","15,4","29,4"
"6,238451077","870,6121216","15,4","29,4"
"6,246651372","871,8201294","15,4","29,4"
"6,254951319","870,9779663","15,4","29,4"
"6,263151149","869,7633057","15,5","29,4"
"6,27165133","870,1951904","15,5","29,4"
"6,280151511","870,6137085","15,5","29,4"
"6,288251689","868,9737549","15,5","29,3"
"6,296651753","868,6593628","15,5","29,3"
"6,304851117","870,0588989","15,6","29,4"
"6,313451415","869,8071289","15,6","29,4"
"6,321751362","870,3150024","15,6","29,4"
"6,329951657","867,8583984","15,6","29,3"
"6,338251139","869,1150513","15,7","29,4"
"6,346551551","869,328064","15,7","29,4"
"6,355051267","868,9959717","15,7","29,3"
"6,363251562","868,4682007","15,7","29,3"
"6,371751277","868,3364258","15,7","29,3"
"6,379851455","868,2685547","15,8","29,3"
"6,388351636","869,3706665","15,8","29,4"
"6,3967517","868,7325439","15,8","29,3"
"6,404951064","869,2819824","15,8","29,4"
"6,413351128","867,8253784","15,8","29,3"
"6,421551424","866,6305542","15,9","29,3"
"6,430151722","868,7157593","15,9","29,3"
"6,438351552","867,5070801","15,9","29,3"
"6,446651498","866,8203735","15,9","29,3"
"6,454851328","867,2302246","15,9","29,3"
"6,463351509","866,4160156","16,0","29,3"
"6,47185169","867,7861328","16,0","29,3"
"6,480051054","863,9699707","16,0","29,2"
"6,488351467","866,0985718","16,0","29,3"
"6,496451645","866,0183105","16,0","29,2"
"6,505051477","865,7369385","16,1","29,2"
"6,513551193","865,7533569","16,1","29,2"
"6,521651371","864,2331543","16,1","29,2"
"6,529951318","865,0803223","16,1","29,2"
"6,538151613","864,6311646","16,1","29,2"
"6,546851563","866,1484375","16,2","29,3"
"6,555051392","865,1873779","16,2","29,2"
"6,563251222","865,4886475","16,2","29,2"
"6,571551634","865,3071899","16,2","29,2"
"6,579951233","865,3971558","16,2","29,2"
"6,588451414","863,6115112","16,3","29,2"
"6,596651244","864,8231201","16,3","29,2"
"6,605051307","865,0687256","16,3","29,2"
"6,61315102","864,1372681","16,3","29,2"
"6,621651201","863,9260254","16,3","29,2"
"6,630151382","864,0718384","16,4","29,2"
"6,63825156","864,5047607","16,4","29,2"
"6,646651624","865,4578247","16,4","29,2"
"6,654851454","864,0838013","16,4","29,2"
"6,663451287","863,8270264","16,5","29,2"
"6,671651582","864,4383545","16,5","29,2"
"6,679951529","863,1978149","16,5","29,2"
"6,68825101","862,1544189","16,5","29,1"
"6,696651539","861,3640747","16,5","29,1"
"6,705151255","863,0584717","16,6","29,1"
"6,71335155","861,6373291","16,6","29,1"
"6,721651031","860,9075928","16,6","29,1"
"6,729851326","863,1730957","16,6","29,2"
"6,738351508","862,0008545","16,6","29,1"
"6,746851689","861,2681274","16,7","29,1"
"6,754951401","863,1836548","16,7","29,2"
"6,763351465","861,1133423","16,7","29,1"
"6,771551295","861,6320801","16,7","29,1"
"6,780151593","861,2073364","16,7","29,1"
"6,788351423","860,1039429","16,8","29,0"
"6,796651369","860,6995239","16,8","29,1"
"6,804951316","859,9776611","16,8","29,0"
"6,813251263","859,5672607","16,8","29,0"
"6,821751444","861,6604004","16,8","29,1"
"6,829951274","861,2868652","16,9","29,1"
"6,838351338","860,6238403","16,9","29,1"
"6,846551633","860,227478","16,9","29,1"
"6,855051348","859,6341553","16,9","29,0"
"6,863451412","859,8478394","16,9","29,0"
"6,871551125","859,6710205","17,0","29,0"
"6,880051306","858,1245728","17,0","29,0"
"6,888151484","860,0194092","17,0","29,0"
"6,896851434","860,0203247","17,0","29,0"
"6,905051264","860,3104858","17,0","29,1"
"6,91335121","859,4699707","17,1","29,0"
"6,921651623","858,3656616","17,1","29,0"
"6,92995157","859,7953491","17,1","29,0"
"6,938551402","858,0006714","17,1","29,0"
"6,94665158","859,4945679","17,2","29,0"
"6,955051644","858,1734619","17,2","29,0"
"6,963251474","857,4172363","17,2","29,0"
"6,971751189","858,3047485","17,2","29,0"
"6,980051136","859,2254639","17,2","29,0"
"6,988351549","859,1936035","17,3","29,0"
"6,996651495","856,6238403","17,3","28,9"
"7,004851325","858,0313721","17,3","29,0"
"7,013451158","858,3857422","17,3","29,0"
"7,02175157","857,6781006","17,3","29,0"
"7,0299514","858,8768311","17,4","29,0"
"7,038251346","856,5255127","17,4","28,9"
"7,046551293","857,0181885","17,4","28,9"
"7,055151592","857,4104614","17,4","29,0"
"7,063251304","855,6725464","17,4","28,9"
"7,071651834","855,7332153","17,5","28,9"
"7,079851198","856,8809204","17,5","28,9"
"7,088351379","856,0460205","17,5","28,9"
"7,09685156","855,8318481","17,5","28,9"
"7,104951738","859,0563354","17,5","29,0"
"7,113351336","856,6691284","17,6","28,9"
"7,121451514","857,6295166","17,6","29,0"
"7,130151464","857,3406372","17,6","29,0"
"7,138351759","857,5679932","17,6","29,0"
"7,146651241","856,8008423","17,6","28,9"
"7,154951187","856,2397461","17,7","28,9"
"7,1632516","854,4022217","17,7","28,9"
"7,171851432","855,7316284","17,7","28,9"
"7,180051728","854,6259155","17,7","28,9"
"7,188351209","855,618103","17,7","28,9"
"7,196451387","855,3989868","17,8","28,9"
"7,205051685","855,7526855","17,8","28,9"
"7,213351632","855,9771729","17,8","28,9"
"7,221651113","855,0289917","17,8","28,9"
"7,229951526","855,6108398","17,9","28,9"
"7,238051704","855,7619629","17,9","28,9"
"7,246751654","855,2571411","17,9","28,9"
"7,255051135","852,8182373","17,9","28,8"
"7,26325143","854,7745361","17,9","28,9"
"7,271551377","852,9284058","18,0","28,8"
"7,279951441","853,541626","18,0","28,8"
"7,288451156","854,5445557","18,0","28,9"
"7,296651451","854,5961914","18,0","28,9"
"7,304951398","852,8452759","18,0","28,8"
"7,313151693","855,3150635","18,1","28,9"
"7,321751526","852,5856934","18,1","28,8"
"7,330151124","854,9396362","18,1","28,9"
"7,33835142","852,3487549","18,1","28,8"
"7,346651366","855,1954346","18,1","28,9"
"7,354851196","854,1643066","18,2","28,8"
"7,363551146","854,6321411","18,2","28,9"
"7,371651324","853,9838867","18,2","28,8"
"7,379951271","854,8155518","18,2","28,9"
"7,388251683","853,2562256","18,2","28,8"
"7,396651282","853,8092651","18,3","28,8"
"7,405151463","853,4909668","18,3","28,8"
"7,413251641","853,2914429","18,3","28,8"
"7,421651705","853,1033325","18,3","28,8"
"7,429851069","852,2524414","18,3","28,8"
"7,438451367","852,8719482","18,4","28,8"
"7,446751314","852,8154907","18,4","28,8"
"7,454951609","853,5392456","18,4","28,8"
"7,463351207","852,319519","18,4","28,8"
"7,471551503","852,9740601","18,4","28,8"
"7,480151335","850,9185181","18,5","28,7"
"7,488351631","853,2039795","18,5","28,8"
"7,496651577","852,6300049","18,5","28,8"
"7,504851407","852,163269","18,5","28,8"
"7,513351588","852,5062866","18,6","28,8"
"7,521751652","852,1172485","18,6","28,8"
"7,529951482","853,0523682","18,6","28,8"
"7,53835108","851,1329956","18,6","28,7"
"7,546451258","852,5950928","18,6","28,8"
"7,555051556","852,4435425","18,7","28,8"
"7,563351503","851,0687866","18,7","28,7"
"7,57165145","851,4472046","18,7","28,8"
"7,579951397","851,6359863","18,7","28,8"
"7,588151692","850,1921387","18,7","28,7"
"7,596851642","851,677063","18,8","28,8"
"7,604951354","851,8045654","18,8","28,8"
"7,613251301","851,3520508","18,8","28,8"
"7,621551248","852,7006226","18,8","28,8"
"7,629951312","850,7042847","18,8","28,7"
"7,638451493","851,7460938","18,9","28,8"
"7,646651323","851,8555908","18,9","28,8"
"7,654951269","851,001709","18,9","28,7"
"7,663151565","851,2450562","18,9","28,7"
"7,671751397","850,8778687","18,9","28,7"
"7,680151461","851,0181274","19,0","28,7"
"7,688351291","851,5911865","19,0","28,8"
"7,696651703","850,0861206","19,0","28,7"
"7,704851533","852,3577271","19,0","28,8"
"7,713451365","851,6328125","19,0","28,8"
"7,721651195","850,0699463","19,1","28,7"
"7,729951608","850,6500854","19,1","28,7"
"7,738251554","849,3349609","19,1","28,7"
"7,746651153","850,3832397","19,1","28,7"
"7,755151334","850,4616699","19,1","28,7"
"7,763351629","848,5197754","19,2","28,7"
"7,771651576","849,4522705","19,2","28,7"
"7,779751288","849,7529907","19,2","28,7"
"7,788351121","848,3659058","19,2","28,7"
"7,796751185","848,8410645","19,3","28,7"
"7,80495148","849,9745483","19,3","28,7"
"7,813251427","849,8751831","19,3","28,7"
"7,821551374","850,0888062","19,3","28,7"
"7,830151206","849,161438","19,3","28,7"
"7,838351502","850,1240234","19,4","28,7"
"7,846651448","848,6779785","19,4","28,7"
"7,854951395","849,170166","19,4","28,7"
"7,859650849","17,14990997","19,4","0,6"