mm,N,Def 2,Cont
"-0,02053756628","16,17197037","-0,1","0,5"
"-0,01213756508","25,35352707","0,0","0,9"
"-0,003937566303","29,8482151","0,0","1,0"
"0,004562432936","35,06161499","0,0","1,2"
"0,01296243141","43,1852417","0,0","1,5"
"0,02116243565","47,34453201","0,1","1,6"
"0,02956243412","53,28976822","0,1","1,8"
"0,03776243472","58,11393738","0,1","2,0"
"0,04636243472","65,01953125","0,1","2,2"
"0,05456243895","72,41631317","0,1","2,5"
"0,06286243667","76,38803864","0,2","2,6"
"0,07116243438","81,54411316","0,2","2,8"
"0,0794624321","87,37101746","0,2","3,0"
"0,0880624321","92,64439392","0,2","3,1"
"0,09626242906","97,47897339","0,3","3,3"
"0,104562434","99,78042603","0,3","3,4"
"0,112862439","105,8100433","0,3","3,6"
"0,1212624302","105,6546173","0,3","3,6"
"0,1297624222","106,4801788","0,3","3,6"
"0,1379624264","97,77612305","0,4","3,3"
"0,146262446","98,08943176","0,4","3,3"
"0,1544624357","101,410347","0,4","3,4"
"0,1630624429","101,1683197","0,4","3,4"
"0,1713624334","100,8918304","0,4","3,4"
"0,1795624376","102,2454758","0,5","3,5"
"0,1878624281","103,0140533","0,5","3,5"
"0,196162433","103,4574203","0,5","3,5"
"0,2047624258","105,4144363","0,5","3,6"
"0,21296243","103,6832275","0,6","3,5"
"0,2213624503","109,4972153","0,6","3,7"
"0,2295624254","111,5889206","0,6","3,8"
"0,2378624304","112,8372498","0,6","3,8"
"0,2464624377","119,0880127","0,6","4,0"
"0,2545624412","123,7376938","0,7","4,2"
"0,2629624469","126,4108963","0,7","4,3"
"0,2711624221","128,9367065","0,7","4,4"
"0,2796624286","134,0991974","0,7","4,6"
"0,2880624343","137,0569","0,8","4,7"
"0,2962624386","141,2515869","0,8","4,8"
"0,3046624443","146,1013336","0,8","5,0"
"0,3128624194","152,7977142","0,8","5,2"
"0,3215624275","155,7668304","0,8","5,3"
"0,3296624309","158,3804016","0,9","5,4"
"0,3379624068","164,2090302","0,9","5,6"
"0,3462624409","168,6323242","0,9","5,7"
"0,3545624459","172,9690247","0,9","5,9"
"0,3631624241","175,9968719","1,0","6,0"
"0,3712624276","181,3914337","1,0","6,2"
"0,3796624333","185,6695404","1,0","6,3"
"0,3877624368","189,9768066","1,0","6,5"
"0,396362415","194,1981964","1,0","6,6"
"0,4047624207","198,8925476","1,1","6,8"
"0,4129624249","203,4224243","1,1","6,9"
"0,421262459","206,4129333","1,1","7,0"
"0,4294624342","209,7798462","1,1","7,1"
"0,4380624414","214,6003723","1,1","7,3"
"0,4463624464","218,7677307","1,2","7,4"
"0,4545624216","221,4508514","1,2","7,5"
"0,4628624557","228,6949005","1,2","7,8"
"0,4711624607","230,319458","1,2","7,8"
"0,4797624097","235,7161713","1,3","8,0"
"0,487962414","240,0882111","1,3","8,2"
"0,4963624779","244,0267792","1,3","8,3"
"0,5044624232","247,2792664","1,3","8,4"
"0,5129624879","251,5697021","1,3","8,5"
"0,5214624362","256,3756409","1,4","8,7"
"0,5295624397","257,789917","1,4","8,8"
"0,5379624454","262,693573","1,4","8,9"
"0,5461624497","267,1429749","1,4","9,1"
"0,5547623987","271,4017029","1,5","9,2"
"0,5630624037","274,3862305","1,5","9,3"
"0,571262408","279,3810425","1,5","9,5"
"0,579562413","282,9966431","1,5","9,6"
"0,5878624179","284,4896851","1,5","9,7"
"0,5964624252","290,9386292","1,6","9,9"
"0,6045624869","293,7634583","1,6","10,0"
"0,6128624337","297,4707336","1,6","10,1"
"0,6210624379","301,0163879","1,6","10,2"
"0,6295624444","305,9821777","1,6","10,4"
"0,6381624517","308,5328369","1,7","10,5"
"0,646262397","311,3822937","1,7","10,6"
"0,654562402","316,1346741","1,7","10,7"
"0,6627624062","321,1879272","1,7","10,9"
"0,6714624142","322,5372925","1,8","11,0"
"0,6796624185","326,9719849","1,8","11,1"
"0,6879624235","331,9317017","1,8","11,3"
"0,6961624277","335,8355713","1,8","11,4"
"0,7045624334","336,7866211","1,8","11,4"
"0,7130623818","343,9389343","1,9","11,7"
"0,7212624442","346,361908","1,9","11,8"
"0,7296623917","350,1312866","1,9","11,9"
"0,7377624534","354,1032715","1,9","12,0"
"0,7463624607","355,9158325","2,0","12,1"
"0,7547624082","359,7125854","2,0","12,2"
"0,7629624707","364,77771","2,0","12,4"
"0,7712624175","368,9504395","2,0","12,5"
"0,7794624799","371,0763245","2,0","12,6"
"0,788062429","376,0760193","2,1","12,8"
"0,796362434","380,7540588","2,1","12,9"
"0,8045624382","382,8678894","2,1","13,0"
"0,8128624432","384,7915344","2,1","13,1"
"0,82116239","390,6294861","2,1","13,3"
"0,8297624555","393,4742737","2,2","13,4"
"0,8379624597","397,6936646","2,2","13,5"
"0,8462624647","400,6012573","2,2","13,6"
"0,8544624689","402,6263428","2,2","13,7"
"0,8629624172","407,463623","2,3","13,8"
"0,8714624237","413,0534058","2,3","14,0"
"0,8795624272","414,1907959","2,3","14,1"
"0,8879624912","416,8391418","2,3","14,2"
"0,8960624364","421,3555298","2,3","14,3"
"0,9047624445","424,2318115","2,4","14,4"
"0,9130624495","426,7034607","2,4","14,5"
"0,9212624537","433,37323","2,4","14,7"
"0,9295624587","433,8151855","2,4","14,7"
"0,9378624637","437,2477417","2,5","14,9"
"0,946462471","441,0348511","2,5","15,0"
"0,9545624744","445,6971436","2,5","15,1"
"0,962962422","449,2894287","2,5","15,3"
"0,971162368","451,9775391","2,5","15,4"
"0,979562432","454,6788635","2,6","15,4"
"0,9880624967","458,9725342","2,6","15,6"
"0,9961624419","462,5324097","2,6","15,7"
"1,004562389","463,8130493","2,6","15,8"
"1,012762452","470,0888672","2,7","16,0"
"1,021362517","472,3384705","2,7","16,0"
"1,029762465","475,1328735","2,7","16,1"
"1,037962411","479,1558533","2,7","16,3"
"1,046262474","482,4942627","2,7","16,4"
"1,05446242","485,1264954","2,8","16,5"
"1,06316237","488,7837524","2,8","16,6"
"1,071362432","491,328125","2,8","16,7"
"1,079662379","494,5656128","2,8","16,8"
"1,087862442","498,7192688","2,8","16,9"
"1,096262389","500,2388611","2,9","17,0"
"1,104762338","504,3803406","2,9","17,1"
"1,112862399","507,228241","2,9","17,2"
"1,121262463","510,2347717","2,9","17,3"
"1,129462409","512,1538696","3,0","17,4"
"1,138062475","516,0183105","3,0","17,5"
"1,146362538","520,0446167","3,0","17,7"
"1,154662485","520,9771729","3,0","17,7"
"1,162862431","525,5827637","3,0","17,9"
"1,171062377","528,6036377","3,1","18,0"
"1,179762443","531,4994507","3,1","18,1"
"1,187962505","534,8319092","3,1","18,2"
"1,196262452","538,4679565","3,1","18,3"
"1,204462515","540,7845459","3,2","18,4"
"1,212862462","543,6734009","3,2","18,5"
"1,221462411","548,2654419","3,2","18,6"
"1,229562473","549,1798706","3,2","18,7"
"1,23796242","551,5152588","3,2","18,7"
"1,246162483","556,7498169","3,3","18,9"
"1,254662431","557,8717041","3,3","18,9"
"1,263062379","562,1328125","3,3","19,1"
"1,271262441","564,4402466","3,3","19,2"
"1,279562388","568,1919556","3,3","19,3"
"1,287862451","570,8184814","3,4","19,4"
"1,296462517","572,7926636","3,4","19,5"
"1,304562346","576,1600342","3,4","19,6"
"1,312862409","580,2304077","3,4","19,7"
"1,321162356","581,4740601","3,5","19,8"
"1,329562536","585,3427734","3,5","19,9"
"1,338062484","589,2634888","3,5","20,0"
"1,34626243","591,5027466","3,5","20,1"
"1,354662494","593,9434814","3,5","20,2"
"1,362762439","597,5539551","3,6","20,3"
"1,371362389","598,3881836","3,6","20,3"
"1,379662452","601,0545654","3,6","20,4"
"1,387862398","605,2124634","3,6","20,6"
"1,396262462","608,5652466","3,7","20,7"
"1,404462408","611,2485962","3,7","20,8"
"1,413162358","613,4841919","3,7","20,8"
"1,421262419","617,5273438","3,7","21,0"
"1,429662367","618,8822632","3,7","21,0"
"1,437862429","621,4484863","3,8","21,1"
"1,446262377","626,9397583","3,8","21,3"
"1,454762441","628,2263184","3,8","21,3"
"1,462862387","631,1397705","3,8","21,4"
"1,471262451","632,7838745","3,9","21,5"
"1,479462397","635,4108276","3,9","21,6"
"1,487962461","639,293335","3,9","21,7"
"1,496362409","643,5908203","3,9","21,9"
"1,504562471","644,6962891","3,9","21,9"
"1,512862418","647,8745117","4,0","22,0"
"1,521062481","651,0675659","4,0","22,1"
"1,52976243","652,1019897","4,0","22,2"
"1,537862492","655,3095703","4,0","22,3"
"1,546162439","657,5261841","4,0","22,3"
"1,554462386","660,4214478","4,1","22,4"
"1,562762449","664,8825073","4,1","22,6"
"1,571362398","665,9761353","4,1","22,6"
"1,57956246","669,77948","4,1","22,8"
"1,587962408","671,8551636","4,2","22,8"
"1,59606247","673,9594727","4,2","22,9"
"1,604662535","675,081543","4,2","22,9"
"1,613062483","678,7710571","4,2","23,1"
"1,621162428","682,5458984","4,2","23,2"
"1,629562492","684,6394043","4,3","23,3"
"1,637762438","687,0184937","4,3","23,3"
"1,646462388","690,0770264","4,3","23,4"
"1,65466245","692,7716675","4,3","23,5"
"1,662962397","694,9494629","4,4","23,6"
"1,671162459","698,3171387","4,4","23,7"
"1,679562407","699,8832397","4,4","23,8"
"1,688162356","704,5669556","4,4","23,9"
"1,696162417","704,5311279","4,4","23,9"
"1,704562481","707,6484985","4,5","24,0"
"1,712762427","710,9243164","4,5","24,1"
"1,721362376","712,7601318","4,5","24,2"
"1,729662439","716,15271","4,5","24,3"
"1,737862385","718,522522","4,5","24,4"
"1,746162448","721,2387695","4,6","24,5"
"1,754462395","724,5487671","4,6","24,6"
"1,763062461","724,7253418","4,6","24,6"
"1,771262523","727,8424072","4,6","24,7"
"1,77956247","731,0611572","4,7","24,8"
"1,787862533","733,3792114","4,7","24,9"
"1,79616248","735,6409912","4,7","25,0"
"1,804762429","738,4197998","4,7","25,1"
"1,812862491","742,5656128","4,7","25,2"
"1,821262438","745,3890991","4,8","25,3"
"1,829462501","746,2816162","4,8","25,3"
"1,83806245","748,6574097","4,8","25,4"
"1,846362397","749,9802856","4,8","25,5"
"1,854562459","752,0861816","4,9","25,5"
"1,862862406","757,9488525","4,9","25,7"
"1,871162469","758,0172119","4,9","25,7"
"1,879762418","760,9350586","4,9","25,8"
"1,887962364","763,6226196","4,9","25,9"
"1,896262427","766,6205444","5,0","26,0"
"1,904462373","768,211792","5,0","26,1"
"1,912862437","770,3771973","5,0","26,2"
"1,921462503","773,53479","5,0","26,3"
"1,929562448","774,8843994","5,1","26,3"
"1,937962512","776,5824585","5,1","26,4"
"1,946062457","779,2160034","5,1","26,5"
"1,95466229","782,0328369","5,1","26,6"
"1,963062354","785,2637939","5,1","26,7"
"1,971262416","786,3132324","5,2","26,7"
"1,979662247","789,5323486","5,2","26,8"
"1,987862543","792,1835938","5,2","26,9"
"1,996462608","793,1988525","5,2","26,9"
"2,004662438","797,2090454","5,2","27,1"
"2,012962617","799,8546753","5,3","27,2"
"2,021162447","802,319458","5,3","27,3"
"2,029562511","803,6817627","5,3","27,3"
"2,038062459","806,1834717","5,3","27,4"
"2,046262522","808,6392212","5,4","27,5"
"2,054562468","811,1623535","5,4","27,6"
"2,062762531","812,5365601","5,4","27,6"
"2,071262479","814,9289551","5,4","27,7"
"2,079762428","816,8709717","5,4","27,7"
"2,087862373","818,166687","5,5","27,8"
"2,096262437","821,3949585","5,5","27,9"
"2,104462266","823,1122437","5,5","28,0"
"2,112962447","825,8416138","5,5","28,1"
"2,121362279","828,3389893","5,6","28,1"
"2,129662458","832,460083","5,6","28,3"
"2,137962638","834,9551392","5,6","28,4"
"2,146162467","836,0033569","5,6","28,4"
"2,154762533","837,831543","5,6","28,5"
"2,162962363","838,6638794","5,7","28,5"
"2,171262542","842,5650635","5,7","28,6"
"2,179562489","843,8852539","5,7","28,7"
"2,187862436","847,1000366","5,7","28,8"
"2,196462268","848,8531494","5,7","28,8"
"2,204562446","852,1099854","5,8","28,9"
"2,212962278","854,3911133","5,8","29,0"
"2,221162573","855,2713013","5,8","29,1"
"2,229662288","859,4676514","5,8","29,2"
"2,238062352","861,3800659","5,9","29,3"
"2,246162298","863,2940674","5,9","29,3"
"2,254562362","864,9775391","5,9","29,4"
"2,262762424","866,0740967","5,9","29,4"
"2,271362489","868,1768188","5,9","29,5"
"2,279662436","871,4624023","6,0","29,6"
"2,287862499","873,1313477","6,0","29,7"
"2,296162445","874,6116943","6,0","29,7"
"2,304462392","876,8546753","6,0","29,8"
"2,313062458","878,9478149","6,1","29,9"
"2,32126252","880,6384888","6,1","29,9"
"2,329562467","881,9085693","6,1","30,0"
"2,337762529","884,5759277","6,1","30,0"
"2,346262478","887,6043091","6,1","30,1"
"2,354662309","890,513855","6,2","30,2"
"2,362862604","892,0800781","6,2","30,3"
"2,371262435","892,4552002","6,2","30,3"
"2,379462498","895,2570801","6,2","30,4"
"2,38806233","898,8179321","6,3","30,5"
"2,39636251","900,5693359","6,3","30,6"
"2,40456234","900,1525269","6,3","30,6"
"2,412762402","904,3076782","6,3","30,7"
"2,421162466","904,2337646","6,3","30,7"
"2,429762531","908,1641235","6,4","30,8"
"2,437862244","909,0166626","6,4","30,9"
"2,446262541","912,4621582","6,4","31,0"
"2,45446237","913,4880981","6,4","31,0"
"2,462962319","916,0270386","6,4","31,1"
"2,471262498","918,211792","6,5","31,2"
"2,479562445","919,2077637","6,5","31,2"
"2,487862625","920,2362671","6,5","31,3"
"2,496062454","924,7999268","6,5","31,4"
"2,50466252","926,2677612","6,6","31,5"
"2,512962466","927,7798462","6,6","31,5"
"2,521262413","931,4083862","6,6","31,6"
"2,529462476","932,4100342","6,6","31,7"
"2,53786254","933,1430054","6,6","31,7"
"2,546462372","936,0562134","6,7","31,8"
"2,55456255","938,0596313","6,7","31,9"
"2,562962382","938,5339966","6,7","31,9"
"2,57106256","940,9605103","6,7","32,0"
"2,579662392","943,9492798","6,8","32,1"
"2,588062456","945,6013794","6,8","32,1"
"2,596162402","946,722229","6,8","32,2"
"2,604562465","948,7785645","6,8","32,2"
"2,612762295","949,5551758","6,8","32,3"
"2,621362361","951,0939941","6,9","32,3"
"2,629562423","954,5969238","6,9","32,4"
"2,63786237","956,5310669","6,9","32,5"
"2,646162549","957,4972534","6,9","32,5"
"2,654462496","958,9801025","6,9","32,6"
"2,663062562","962,2547607","7,0","32,7"
"2,671162507","963,3668823","7,0","32,7"
"2,679562571","965,6705933","7,0","32,8"
"2,687762401","967,4605103","7,0","32,9"
"2,696262582","970,1668091","7,1","33,0"
"2,704662413","970,1738281","7,1","33,0"
"2,712862475","973,1570435","7,1","33,1"
"2,721162422","976,5951538","7,1","33,2"
"2,729462369","975,2070313","7,1","33,1"
"2,738062434","977,2730713","7,2","33,2"
"2,746262497","979,1913452","7,2","33,3"
"2,754562211","980,4338989","7,2","33,3"
"2,76286239","983,109314","7,2","33,4"
"2,771262454","984,3078003","7,3","33,4"
"2,779762403","984,7838135","7,3","33,5"
"2,787862581","986,3533325","7,3","33,5"
"2,796262412","988,7392578","7,3","33,6"
"2,80436259","990,2387695","7,3","33,6"
"2,812962423","992,4949341","7,4","33,7"
"2,821362486","994,960022","7,4","33,8"
"2,829562316","995,3603516","7,4","33,8"
"2,837862496","997,9558716","7,4","33,9"
"2,846062325","998,44104","7,5","33,9"
"2,854662391","1000,600281","7,5","34,0"
"2,862962338","1003,211365","7,5","34,1"
"2,871262517","1004,404907","7,5","34,1"
"2,879462347","1005,837463","7,5","34,2"
"2,887862411","1007,630798","7,6","34,2"
"2,896462476","1008,930298","7,6","34,3"
"2,904562422","1010,661011","7,6","34,3"
"2,912962485","1013,22876","7,6","34,4"
"2,921162548","1014,749451","7,6","34,5"
"2,929762613","1015,219666","7,7","34,5"
"2,937962443","1016,677673","7,7","34,5"
"2,946162505","1017,567566","7,7","34,6"
"2,954562337","1019,514954","7,7","34,6"
"2,962762632","1019,49585","7,8","34,6"
"2,971362465","1022,696594","7,8","34,7"
"2,979562527","1024,19397","7,8","34,8"
"2,987862474","1027,241089","7,8","34,9"
"2,996062536","1026,387573","7,8","34,9"
"3,004562252","1028,660522","7,9","34,9"
"3,013062433","1030,887573","7,9","35,0"
"3,021262262","1029,699951","7,9","35,0"
"3,029562442","1031,359375","7,9","35,0"
"3,037662387","1033,398926","8,0","35,1"
"3,046262453","1035,607788","8,0","35,2"
"3,054662517","1036,633179","8,0","35,2"
"3,062862346","1037,565063","8,0","35,2"
"3,071262643","1038,733521","8,0","35,3"
"3,079462473","1039,593262","8,1","35,3"
"3,088062538","1040,046143","8,1","35,3"
"3,096262368","1041,962646","8,1","35,4"
"3,104562547","1042,813599","8,1","35,4"
"3,112862494","1044,99292","8,1","35,5"
"3,121262558","1045,819336","8,2","35,5"
"3,129662389","1047,883911","8,2","35,6"
"3,137862452","1049,637451","8,2","35,7"
"3,146262283","1050,688721","8,2","35,7"
"3,154362461","1050,850464","8,3","35,7"
"3,162962294","1053,669067","8,3","35,8"
"3,171362358","1055,668457","8,3","35,9"
"3,17956242","1053,969238","8,3","35,8"
"3,187962484","1054,570801","8,3","35,8"
"3,196062429","1059,275635","8,4","36,0"
"3,204762379","1058,829712","8,4","36,0"
"3,212962442","1059,409668","8,4","36,0"
"3,221162504","1061,161987","8,4","36,0"
"3,229462218","1061,156982","8,5","36,0"
"3,237762398","1062,907959","8,5","36,1"
"3,246362463","1064,549316","8,5","36,2"
"3,254562293","1065,880737","8,5","36,2"
"3,262862472","1066,962524","8,5","36,2"
"3,271162419","1067,068237","8,6","36,2"
"3,2796626","1068,527344","8,6","36,3"
"3,288162316","1069,616821","8,6","36,3"
"3,296162609","1069,67981","8,6","36,3"
"3,304662325","1071,896729","8,7","36,4"
"3,312762503","1072,108887","8,7","36,4"
"3,321362336","1074,00769","8,7","36,5"
"3,329662515","1074,658447","8,7","36,5"
"3,337862345","1075,999268","8,7","36,5"
"3,346162524","1075,853882","8,8","36,5"
"3,354462238","1076,28833","8,8","36,6"
"3,36296242","1078,094727","8,8","36,6"
"3,371262599","1079,943359","8,8","36,7"
"3,379562313","1078,998291","8,8","36,7"
"3,387762376","1080,94458","8,9","36,7"
"3,39616244","1082,467896","8,9","36,8"
"3,404762505","1082,289673","8,9","36,8"
"3,41286245","1083,08313","8,9","36,8"
"3,421262514","1084,020996","9,0","36,8"
"3,429362459","1085,979248","9,0","36,9"
"3,437962525","1086,66333","9,0","36,9"
"3,446362356","1086,052368","9,0","36,9"
"3,454562419","1086,630615","9,0","36,9"
"3,462862365","1087,80188","9,1","36,9"
"3,471062428","1088,43042","9,1","37,0"
"3,47976261","1088,810303","9,1","37,0"
"3,48796244","1090,696533","9,1","37,0"
"3,496262387","1091,670166","9,2","37,1"
"3,504462449","1092,582886","9,2","37,1"
"3,51286228","1092,296631","9,2","37,1"
"3,521362462","1092,960815","9,2","37,1"
"3,529562524","1094,251343","9,2","37,2"
"3,537862471","1093,613037","9,3","37,1"
"3,5460623","1096,105225","9,3","37,2"
"3,554662366","1096,791382","9,3","37,3"
"3,562962545","1096,206543","9,3","37,2"
"3,571162375","1098,001099","9,3","37,3"
"3,579462555","1101,500732","9,4","37,4"
"3,587662384","1098,739868","9,4","37,3"
"3,596362567","1101,262939","9,4","37,4"
"3,604662281","1100,046387","9,4","37,4"
"3,612862576","1100,084106","9,5","37,4"
"3,62116229","1099,980591","9,5","37,4"
"3,62946247","1101,075928","9,5","37,4"
"3,638062535","1101,705688","9,5","37,4"
"3,64616248","1100,853149","9,5","37,4"
"3,654562312","1104,112671","9,6","37,5"
"3,662762374","1102,532593","9,6","37,5"
"3,671262555","1103,487427","9,6","37,5"
"3,679762504","1104,752441","9,6","37,5"
"3,687862449","1104,32959","9,7","37,5"
"3,696262513","1104,761597","9,7","37,5"
"3,704362225","1104,801147","9,7","37,5"
"3,713062408","1105,741943","9,7","37,6"
"3,72126247","1107,038818","9,7","37,6"
"3,729562417","1107,595703","9,8","37,6"
"3,737862597","1106,804199","9,8","37,6"
"3,746162311","1105,624512","9,8","37,6"
"3,754662492","1107,793457","9,8","37,6"
"3,762862321","1107,633667","9,9","37,6"
"3,771162501","1107,14978","9,9","37,6"
"3,779362331","1109,471191","9,9","37,7"
"3,787862512","1109,700684","9,9","37,7"
"3,796362227","1110,182495","9,9","37,7"
"3,804562522","1109,670166","10,0","37,7"
"3,812962586","1109,872559","10,0","37,7"
"3,821062532","1109,965088","10,0","37,7"
"3,829762482","1111,73938","10,0","37,8"
"3,837962311","1111,256714","10,0","37,7"
"3,846162606","1111,273804","10,1","37,7"
"3,85446232","1111,618286","10,1","37,8"
"3,862862617","1110,576904","10,1","37,7"
"3,871362333","1112,525879","10,1","37,8"
"3,879462278","1113,354858","10,2","37,8"
"3,887962459","1112,39209","10,2","37,8"
"3,896062171","1113,272217","10,2","37,8"
"3,90466247","1114,149658","10,2","37,8"
"3,912962417","1112,772705","10,2","37,8"
"3,921162712","1112,102295","10,3","37,8"
"3,92956231","1112,871704","10,3","37,8"
"3,937762605","1114,316162","10,3","37,9"
"3,946362438","1113,793579","10,3","37,8"
"3,954562268","1113,711182","10,4","37,8"
"3,962862214","1114,744751","10,4","37,9"
"3,97106251","1114,812988","10,4","37,9"
"3,979462108","1113,290527","10,4","37,8"
"3,987962289","1114,140625","10,4","37,8"
"3,996162584","1114,045776","10,5","37,8"
"4,004562648","1114,407715","10,5","37,9"
"4,012762478","1114,488037","10,5","37,9"
"4,021362311","1113,510864","10,5","37,8"
"4,029662257","1114,285889","10,5","37,8"
"4,037862553","1115,950806","10,6","37,9"
"4,046162499","1114,48877","10,6","37,9"
"4,054362329","1113,907104","10,6","37,8"
"4,062962162","1114,999878","10,6","37,9"
"4,071262574","1115,511963","10,7","37,9"
"4,079562521","1115,260986","10,7","37,9"
"4,087762351","1114,510376","10,7","37,9"
"4,096162415","1113,857666","10,7","37,8"
"4,104662596","1115,021118","10,7","37,9"
"4,112862425","1115,588379","10,8","37,9"
"4,121262024","1114,277344","10,8","37,8"
"4,129462319","1114,185669","10,8","37,8"
"4,137862383","1113,390747","10,8","37,8"
"4,146362564","1114,256104","10,9","37,8"
"4,154562859","1113,786133","10,9","37,8"
"4,16286234","1113,329102","10,9","37,8"
"4,171062636","1112,408569","10,9","37,8"
"4,179662468","1110,725952","10,9","37,7"
"4,187862764","1113,415771","11,0","37,8"
"4,196162245","1114,279175","11,0","37,8"
"4,204462191","1112,814941","11,0","37,8"
"4,212862255","1112,285522","11,0","37,8"
"4,221462554","1112,743896","11,1","37,8"
"4,229562266","1112,511108","11,1","37,8"
"4,237862213","1111,833618","11,1","37,8"
"4,246062508","1112,029785","11,1","37,8"
"4,254662341","1111,700562","11,1","37,8"
"4,262962753","1111,50708","11,2","37,8"
"4,271162117","1110,987061","11,2","37,7"
"4,27946253","1111,256714","11,2","37,7"
"4,287662359","1110,523071","11,2","37,7"
"4,296362775","1110,888184","11,2","37,7"
"4,304662256","1109,184326","11,3","37,7"
"4,312862551","1109,933716","11,3","37,7"
"4,321062381","1109,912231","11,3","37,7"
"4,329362793","1110,38501","11,3","37,7"
"4,33796216","1109,391357","11,4","37,7"
"4,346162456","1108,875488","11,4","37,7"
"4,354562519","1108,330811","11,4","37,6"
"4,362762815","1107,745361","11,4","37,6"
"4,371262065","1108,642212","11,4","37,7"
"4,379662129","1109,764038","11,5","37,7"
"4,387862424","1107,657471","11,5","37,6"
"4,396162371","1107,017334","11,5","37,6"
"4,4043622","1106,985107","11,5","37,6"
"4,41306215","1107,449951","11,6","37,6"
"4,421262445","1106,554688","11,6","37,6"
"4,429562392","1107,098755","11,6","37,6"
"4,437762222","1105,471191","11,6","37,5"
"4,446162286","1104,887817","11,6","37,5"
"4,454662467","1104,620117","11,7","37,5"
"4,462762645","1105,324951","11,7","37,5"
"4,471162709","1105,598022","11,7","37,6"
"4,479362538","1104,589111","11,7","37,5"
"4,487962371","1104,065063","11,7","37,5"
"4,496262318","1103,109863","11,8","37,5"
"4,504462613","1103,519653","11,8","37,5"
"4,512862211","1104,338745","11,8","37,5"
"4,52096239","1101,766113","11,8","37,4"
"4,529662339","1101,314819","11,9","37,4"
"4,537962752","1102,428955","11,9","37,4"
"4,546162116","1102,070068","11,9","37,4"
"4,554462528","1100,527466","11,9","37,4"
"4,562862592","1099,381958","11,9","37,3"
"4,571362308","1100,078613","12,0","37,4"
"4,579562137","1096,485352","12,0","37,2"
"4,587862084","1100,419189","12,0","37,4"
"4,596062379","1096,980347","12,0","37,3"
"4,60456256","1098,597412","12,1","37,3"
"4,612962624","1098,172363","12,1","37,3"
"4,621162454","1098,070313","12,1","37,3"
"4,629562518","1096,872314","12,1","37,3"
"4,637662696","1095,98877","12,1","37,2"
"4,646362646","1099,105347","12,2","37,3"
"4,654562476","1095,987183","12,2","37,2"
"4,662862422","1095,264404","12,2","37,2"
"4,671062718","1094,843384","12,2","37,2"
"4,679462782","1093,849854","12,2","37,2"
"4,688062149","1092,89209","12,3","37,1"
"4,696162327","1095,187622","12,3","37,2"
"4,704462273","1094,508789","12,3","37,2"
"4,712662569","1093,349731","12,3","37,1"
"4,721262867","1091,618164","12,4","37,1"
"4,729562348","1091,533936","12,4","37,1"
"4,737862295","1090,740601","12,4","37,0"
"4,746262359","1090,614746","12,4","37,0"
"4,754362071","1090,719971","12,4","37,0"
"4,763062487","1090,232056","12,5","37,0"
"4,771262316","1090,541504","12,5","37,0"
"4,779562729","1089,202759","12,5","37,0"
"4,787762558","1088,896973","12,5","37,0"
"4,796162157","1088,280273","12,6","37,0"
"4,804662338","1087,915527","12,6","37,0"
"4,812862633","1087,422729","12,6","36,9"
"4,82116258","1086,035645","12,6","36,9"
"4,82936241","1086,376221","12,6","36,9"
"4,837962242","1086,329468","12,7","36,9"
"4,846362306","1084,274414","12,7","36,8"
"4,854562601","1085,643921","12,7","36,9"
"4,862862083","1084,9198","12,7","36,9"
"4,871062378","1083,325317","12,8","36,8"
"4,879562559","1083,761108","12,8","36,8"
"4,887862506","1083,519897","12,8","36,8"
"4,896161987","1082,455444","12,8","36,8"
"4,904462399","1081,843628","12,8","36,7"
"4,912762346","1080,884644","12,9","36,7"
"4,921362644","1080,397827","12,9","36,7"
"4,929562474","1079,876465","12,9","36,7"
"4,937862421","1080,458008","12,9","36,7"
"4,94606225","1079,429077","12,9","36,7"
"4,954562432","1078,745483","13,0","36,6"
"4,963062613","1077,843628","13,0","36,6"
"4,971162325","1078,602783","13,0","36,6"
"4,979562389","1076,912231","13,0","36,6"
"4,987762684","1075,38501","13,1","36,5"
"4,996362517","1076,738403","13,1","36,6"
"5,004661998","1076,0802","13,1","36,6"
"5,012862293","1075,452881","13,1","36,5"
"5,02116224","1074,969482","13,1","36,5"
"5,029462653","1074,36499","13,2","36,5"
"5,038062485","1071,190796","13,2","36,4"
"5,046262315","1072,391602","13,2","36,4"
"5,054562262","1073,510986","13,2","36,5"
"5,062762557","1072,496216","13,3","36,4"
"5,071262738","1070,871948","13,3","36,4"
"5,079662336","1069,736816","13,3","36,3"
"5,087862166","1070,16687","13,3","36,4"
"5,096162578","1070,312256","13,3","36,4"
"5,104362874","1069,983887","13,4","36,3"
"5,113062358","1069,814941","13,4","36,3"
"5,121362305","1067,556763","13,4","36,3"
"5,1295626","1068,278809","13,4","36,3"
"5,137862547","1068,505981","13,4","36,3"
"5,146162028","1066,822388","13,5","36,2"
"5,154762326","1067,222168","13,5","36,3"
"5,162862504","1065,642944","13,5","36,2"
"5,171262568","1065,234619","13,5","36,2"
"5,179462398","1066,168457","13,6","36,2"
"5,188062231","1065,5896","13,6","36,2"
"5,196362177","1063,450928","13,6","36,1"
"5,204562473","1064,928955","13,6","36,2"
"5,212862419","1062,554077","13,6","36,1"
"5,221062249","1063,824585","13,7","36,1"
"5,229762199","1062,161133","13,7","36,1"
"5,237862377","1061,710083","13,7","36,1"
"5,246162789","1060,841187","13,7","36,0"
"5,25446227","1060,417358","13,8","36,0"
"5,262762217","1060,584595","13,8","36,0"
"5,271362516","1060,461304","13,8","36,0"
"5,279562811","1059,883789","13,8","36,0"
"5,287962409","1060,185425","13,8","36,0"
"5,296162239","1058,681519","13,9","36,0"
"5,30466242","1059,022949","13,9","36,0"
"5,312962367","1058,791138","13,9","36,0"
"5,321262313","1056,581665","13,9","35,9"
"5,32956226","1058,125732","14,0","35,9"
"5,337762555","1055,530518","14,0","35,9"
"5,346362388","1056,528076","14,0","35,9"
"5,354562683","1056,329468","14,0","35,9"
"5,362862165","1054,508667","14,0","35,8"
"5,371162577","1054,566284","14,1","35,8"
"5,379462524","1053,976685","14,1","35,8"
"5,388062822","1053,10022","14,1","35,8"
"5,396162069","1053,78772","14,1","35,8"
"5,404562598","1052,883911","14,1","35,8"
"5,412762428","1051,416138","14,2","35,7"
"5,421262609","1051,421753","14,2","35,7"
"5,429662208","1051,359253","14,2","35,7"
"5,437862503","1050,692749","14,2","35,7"
"5,44616245","1049,887085","14,3","35,7"
"5,454362745","1048,891357","14,3","35,6"
"5,463062695","1048,841919","14,3","35,6"
"5,471262524","1046,799194","14,3","35,6"
"5,479562471","1045,474121","14,3","35,5"
"5,487862418","1047,560669","14,4","35,6"
"5,496162365","1047,276733","14,4","35,6"
"5,50466208","1046,54248","14,4","35,5"
"5,512862375","1045,956055","14,4","35,5"
"5,521162322","1045,065186","14,5","35,5"
"5,529362152","1045,111572","14,5","35,5"
"5,53796245","1043,797485","14,5","35,5"
"5,546262397","1045,198608","14,5","35,5"
"5,554562344","1042,624023","14,5","35,4"
"5,562862756","1042,797729","14,6","35,4"
"5,57106212","1042,490723","14,6","35,4"
"5,579762536","1041,46814","14,6","35,4"
"5,587862248","1040,422363","14,6","35,3"
"5,59616266","1041,575073","14,6","35,4"
"5,604462142","1040,512207","14,7","35,3"
"5,612862206","1039,596802","14,7","35,3"
"5,621362387","1040,53479","14,7","35,3"
"5,629462565","1039,5177","14,7","35,3"
"5,637862163","1039,566406","14,8","35,3"
"5,646062458","1039,915283","14,8","35,3"
"5,654562639","1038,675293","14,8","35,3"
"5,662962703","1036,432495","14,8","35,2"
"5,67126265","1037,202759","14,8","35,2"
"5,679562131","1037,375854","14,9","35,2"
"5,687762427","1038,038818","14,9","35,3"
"5,696362259","1035,663574","14,9","35,2"
"5,704662672","1035,643799","14,9","35,2"
"5,712962153","1033,928589","15,0","35,1"
"5,721162448","1035,655273","15,0","35,2"
"5,729562512","1034,924683","15,0","35,2"
"5,738062693","1033,305176","15,0","35,1"
"5,746162406","1033,740601","15,0","35,1"
"5,754662121","1032,477417","15,1","35,1"
"5,762662648","1032,057373","15,1","35,1"
"5,771362598","1030,267578","15,1","35,0"
"5,779662544","1032,540283","15,1","35,1"
"5,787862374","1032,409424","15,2","35,1"
"5,796162321","1031,175171","15,2","35,0"
"5,804362616","1030,150024","15,2","35,0"
"5,813062566","1029,43457","15,2","35,0"
"5,821262395","1030,500854","15,2","35,0"
"5,829562342","1030,736694","15,3","35,0"
"5,837762637","1028,140503","15,3","34,9"
"5,846162701","1026,921631","15,3","34,9"
"5,854662417","1030,228149","15,3","35,0"
"5,862862246","1027,987671","15,3","34,9"
"5,87126231","1028,602783","15,4","34,9"
"5,879462606","1028,062622","15,4","34,9"
"5,888062438","1027,016357","15,4","34,9"
"5,896362385","1027,169678","15,4","34,9"
"5,904462563","1026,002197","15,5","34,9"
"5,912862627","1024,358765","15,5","34,8"
"5,921162108","1025,059082","15,5","34,8"
"5,929662289","1023,762634","15,5","34,8"
"5,937862585","1022,972595","15,5","34,7"
"5,946162532","1023,668152","15,6","34,8"
"5,954362361","1022,56366","15,6","34,7"
"5,962862077","1021,281372","15,6","34,7"
"5,971362258","1022,32959","15,6","34,7"
"5,979562553","1021,521729","15,7","34,7"
"5,9878625","1022,493347","15,7","34,7"
"5,996062329","1021,16333","15,7","34,7"
"6,004662162","1021,080383","15,7","34,7"
"6,012962575","1021,219727","15,7","34,7"
"6,021162404","1020,235291","15,8","34,7"
"6,029562468","1019,399353","15,8","34,6"
"6,037762298","1020,276184","15,8","34,7"
"6,046362596","1019,423645","15,8","34,6"
"6,054562426","1018,873413","15,8","34,6"
"6,062862372","1018,317871","15,9","34,6"
"6,071062202","1019,31958","15,9","34,6"
"6,079562383","1017,797363","15,9","34,6"
"6,088062564","1015,941589","15,9","34,5"
"6,096162277","1016,84845","16,0","34,5"
"6,104562341","1016,690735","16,0","34,5"
"6,112762636","1017,612061","16,0","34,6"
"6,121362469","1015,808044","16,0","34,5"
"6,129562764","1015,713623","16,0","34,5"
"6,137862245","1015,159912","16,1","34,5"
"6,146162192","1015,80603","16,1","34,5"
"6,154462604","1014,436401","16,1","34,5"
"6,163062437","1015,009705","16,1","34,5"
"6,171162149","1014,388184","16,2","34,5"
"6,179462562","1012,583435","16,2","34,4"
"6,187662391","1012,663513","16,2","34,4"
"6,196162573","1011,278076","16,2","34,4"
"6,204662288","1012,924683","16,2","34,4"
"6,212762466","1011,744019","16,3","34,4"
"6,221262647","1010,47876","16,3","34,3"
"6,229462477","1011,509644","16,3","34,4"
"6,238062775","1010,233765","16,3","34,3"
"6,246262139","1011,259399","16,4","34,3"
"6,254562552","1010,259033","16,4","34,3"
"6,262762381","1008,838135","16,4","34,3"
"6,271162445","1008,947693","16,4","34,3"
"6,279662161","1009,153931","16,4","34,3"
"6,287862456","1007,533936","16,5","34,2"
"6,29626252","1006,98053","16,5","34,2"
"6,304362698","1009,109253","16,5","34,3"
"6,312962065","1007,283752","16,5","34,2"
"6,321362129","1007,052551","16,5","34,2"
"6,329462307","1007,123108","16,6","34,2"
"6,337862371","1007,615906","16,6","34,2"
"6,346062201","1004,599182","16,6","34,1"
"6,354662499","1006,029846","16,6","34,2"
"6,362862328","1004,608398","16,7","34,1"
"6,371162741","1005,4151","16,7","34,2"
"6,379462222","1006,585938","16,7","34,2"
"6,387762169","1003,928772","16,7","34,1"
"6,396362467","1003,254883","16,7","34,1"
"6,404562762","1004,654785","16,8","34,1"
"6,412862709","1002,533569","16,8","34,1"
"6,421062539","1003,047241","16,8","34,1"
"6,429662371","1002,417419","16,8","34,0"
"6,437962318","1003,226013","16,9","34,1"
"6,446162613","1001,259521","16,9","34,0"
"6,454462095","1000,555847","16,9","34,0"
"6,462762507","1001,18634","16,9","34,0"
"6,47136234","1001,650269","16,9","34,0"
"6,479562635","999,4443359","17,0","33,9"
"6,487862116","1002,283264","17,0","34,0"
"6,496062411","999,7481079","17,0","34,0"
"6,504562593","1000,52301","17,0","34,0"
"6,512962656","1000,176636","17,0","34,0"
"6,52116202","999,322998","17,1","33,9"
"6,52956255","999,1656494","17,1","33,9"
"6,537662262","998,7141724","17,1","33,9"
"6,546362678","997,7808228","17,1","33,9"
"6,554662625","999,5610352","17,2","34,0"
"6,562862454","998,4590454","17,2","33,9"
"6,571162401","998,0621338","17,2","33,9"
"6,579362696","997,6825562","17,2","33,9"
"6,588062646","996,7422485","17,2","33,9"
"6,596162359","997,7982788","17,3","33,9"
"6,604562423","996,4549561","17,3","33,8"
"6,612762718","996,3919067","17,3","33,8"
"6,621262433","995,5343628","17,3","33,8"
"6,629762149","996,5995483","17,4","33,9"
"6,637862327","994,8276978","17,4","33,8"
"6,646262391","996,9943237","17,4","33,9"
"6,654362569","994,8756104","17,4","33,8"
"6,663062053","996,43573","17,4","33,8"
"6,671262348","995,6035156","17,5","33,8"
"6,679462644","994,90979","17,5","33,8"
"6,687862708","992,8156128","17,5","33,7"
"6,696062072","992,9977417","17,5","33,7"
"6,704762487","993,5856934","17,6","33,7"
"6,7128622","993,9868774","17,6","33,8"
"6,721162612","993,4616699","17,6","33,7"
"6,729462559","990,6712036","17,6","33,7"
"6,737762506","992,8995361","17,6","33,7"
"6,746362338","991,6002808","17,7","33,7"
"6,754462516","991,2227173","17,7","33,7"
"6,76286258","992,2786255","17,7","33,7"
"6,77106241","990,1506958","17,7","33,6"
"6,779662243","990,3128052","17,7","33,6"
"6,787962655","990,6038818","17,8","33,6"
"6,796162485","990,0003662","17,8","33,6"
"6,804562083","990,427063","17,8","33,6"
"6,812762378","990,4335327","17,8","33,6"
"6,821462328","988,9779663","17,9","33,6"
"6,829562506","988,0421753","17,9","33,6"
"6,837861987","986,9366455","17,9","33,5"
"6,846062282","988,6278687","17,9","33,6"
"6,854562464","988,2164917","17,9","33,6"
"6,862962528","987,8640747","18,0","33,6"
"6,871162823","987,6239014","18,0","33,5"
"6,879562421","988,2316895","18,0","33,6"
"6,887662599","987,0162964","18,0","33,5"
"6,896362549","987,3829956","18,1","33,5"
"6,904562844","985,4884644","18,1","33,5"
"6,912862325","985,6505737","18,1","33,5"
"6,921162272","986,7006226","18,1","33,5"
"6,929362568","986,3162842","18,1","33,5"
"6,938062517","985,9555054","18,2","33,5"
"6,946262347","985,3494263","18,2","33,5"
"6,954562294","984,2495117","18,2","33,4"
"6,962862241","984,0863037","18,2","33,4"
"6,971162653","985,074585","18,2","33,5"
"6,979662368","985,1844482","18,3","33,5"
"6,987862198","984,1662598","18,3","33,4"
"6,996262262","983,7166748","18,3","33,4"
"7,004462557","982,5244751","18,3","33,4"
"7,012962738","983,8233643","18,4","33,4"
"7,021362337","984,12323","18,4","33,4"
"7,029562632","984,6627197","18,4","33,4"
"7,037862579","985,0958862","18,4","33,5"
"7,046062874","983,5459595","18,4","33,4"
"7,054762358","983,0015869","18,5","33,4"
"7,062962188","981,4475708","18,5","33,3"
"7,071162483","982,3747559","18,5","33,4"
"7,07946243","982,2155762","18,5","33,4"
"7,087762377","981,7963867","18,6","33,3"
"7,096362209","982,6432495","18,6","33,4"
"7,104462387","983,2531738","18,6","33,4"
"7,112862451","982,5812988","18,6","33,4"
"7,121062281","980,5625","18,6","33,3"
"7,129562462","982,2398682","18,7","33,4"
"7,137962526","980,4163208","18,7","33,3"
"7,146262473","980,3627319","18,7","33,3"
"7,154562885","980,7449341","18,7","33,3"
"7,162762249","980,2852173","18,8","33,3"
"7,171462199","980,9228516","18,8","33,3"
"7,179662494","979,987854","18,8","33,3"
"7,18786279","978,3118896","18,8","33,2"
"7,196062154","979,920105","18,8","33,3"
"7,204462218","979,3463745","18,9","33,3"
"7,212962399","978,5544434","18,9","33,2"
"7,221162694","979,0800781","18,9","33,3"
"7,229562292","978,9606934","18,9","33,3"
"7,23766247","979,046814","18,9","33,3"
"7,24636242","976,3357544","19,0","33,2"
"7,254562715","977,5245972","19,0","33,2"
"7,262862197","977,9337769","19,0","33,2"
"7,271162143","978,2409668","19,0","33,2"
"7,279462556","978,3395996","19,1","33,2"
"7,287962737","978,0814209","19,1","33,2"
"7,296262218","977,3426514","19,1","33,2"
"7,304562165","976,9327393","19,1","33,2"
"7,31276246","976,5641479","19,1","33,2"
"7,321162524","976,1182861","19,2","33,2"
"7,329762822","978,4910889","19,2","33,2"
"7,337862069","976,1049194","19,2","33,2"
"7,346262599","978,2909546","19,2","33,2"
"7,354362777","974,4067993","19,3","33,1"
"7,363062727","977,1989746","19,3","33,2"
"7,371362208","975,3729248","19,3","33,1"
"7,379562503","976,0111084","19,3","33,2"
"7,38786245","976,4119873","19,3","33,2"
"7,396062745","975,9188232","19,4","33,1"
"7,404762229","974,0889893","19,4","33,1"
"7,412862407","975,4541626","19,4","33,1"
"7,421262471","974,9783936","19,4","33,1"
"7,429362649","973,9214478","19,4","33,1"
"7,437862365","973,6277466","19,5","33,1"
"7,44636208","973,6019897","19,5","33,1"
"7,454562376","972,7392578","19,5","33,0"
"7,462862322","973,8104248","19,5","33,1"
"7,471062152","972,385498","19,6","33,0"
"7,479762102","972,2514038","19,6","33,0"
"7,487962397","973,4898682","19,6","33,1"
"7,496262344","973,4727173","19,6","33,1"
"7,504462639","974,25354","19,6","33,1"
"7,51276212","972,3755493","19,7","33,0"
"7,521362419","969,861084","19,7","32,9"
"7,529562714","971,9092407","19,7","33,0"
"7,537962778","969,2279053","19,7","32,9"
"7,546162142","973,0189819","19,8","33,1"
"7,554562206","971,381897","19,8","33,0"
"7,563062387","971,9179688","19,8","33,0"
"7,571262682","971,4981079","19,8","33,0"
"7,579562163","971,7567139","19,8","33,0"
"7,587762459","971,3126831","19,9","33,0"
"7,596362291","970,6331177","19,9","33,0"
"7,604662704","969,8644409","19,9","32,9"
"7,612862068","972,0749512","19,9","33,0"
"7,62116248","971,7470703","20,0","33,0"
"7,629462427","971,2770996","20,0","33,0"
"7,638062725","969,288147","20,0","32,9"
"7,646162438","971,3770142","20,0","33,0"
"7,654562502","970,8379517","20,0","33,0"
"7,662762331","968,7160645","20,1","32,9"
"7,671162395","970,8218384","20,1","33,0"
"7,679662576","969,6589966","20,1","32,9"
"7,687862406","970,0093384","20,1","32,9"
"7,69626247","968,9515381","20,1","32,9"
"7,704362648","970,3522339","20,2","33,0"
"7,712962481","969,6386108","20,2","32,9"
"7,721262427","968,9718018","20,2","32,9"
"7,729562374","969,2197266","20,2","32,9"
"7,737762669","967,2185059","20,3","32,9"
"7,746162733","968,2116699","20,3","32,9"
"7,754762566","968,4071655","20,3","32,9"
"7,762862279","967,5410767","20,3","32,9"
"7,771262342","968,6234741","20,3","32,9"
"7,779462638","966,8202515","20,4","32,8"
"7,787962819","966,9215088","20,4","32,8"
"7,796362417","967,6799927","20,4","32,9"
"7,804463061","967,8909302","20,4","32,9"
"7,812862659","967,100708","20,5","32,8"
"7,821062023","967,3007202","20,5","32,9"
"7,829662787","968,0508423","20,5","32,9"
"7,837862151","966,854248","20,5","32,8"
"7,846162098","967,0341187","20,5","32,8"
"7,854462045","965,7749023","20,6","32,8"
"7,862862574","966,6394653","20,6","32,8"
"7,871462407","966,2093506","20,6","32,8"
"7,879562119","966,0672607","20,6","32,8"
"7,887962649","965,1399536","20,6","32,8"
"7,896062361","964,7126465","20,7","32,8"
"7,904662194","965,4006958","20,7","32,8"
"7,912963072","966,7340088","20,7","32,8"
"7,921162436","966,9406128","20,7","32,8"
"7,929562034","964,6783447","20,8","32,8"
"7,93776233","964,6326904","20,8","32,8"
"7,946362162","965,2722168","20,8","32,8"
"7,954562458","966,6633911","20,8","32,8"
"7,962862404","966,7885132","20,8","32,8"
"7,9710627","964,6727295","20,9","32,8"
"7,97956195","964,9397583","20,9","32,8"
"7,988062131","963,2102661","20,9","32,7"
"7,996162774","964,6958008","20,9","32,8"
"8,004562373","963,8794556","21,0","32,7"
"8,012762668","964,458252","21,0","32,8"
"8,021362501","965,5299072","21,0","32,8"
"8,029561865","962,8734131","21,0","32,7"
"8,037763091","963,7543945","21,0","32,7"
"8,046162689","964,2589722","21,1","32,8"
"8,054362053","963,3924561","21,1","32,7"
"8,063062469","962,553833","21,1","32,7"
"8,071262764","963,0493164","21,1","32,7"
"8,079562711","963,6616821","21,2","32,7"
"8,087762075","962,4880371","21,2","32,7"
"8,096161673","963,4016113","21,2","32,7"
"8,104762437","963,0059814","21,2","32,7"
"8,112962732","962,5040283","21,2","32,7"
"8,121262679","963,7733154","21,3","32,7"
"8,129462043","962,3144531","21,3","32,7"
"8,137962224","963,5471802","21,3","32,7"
"8,146262171","962,0302124","21,3","32,7"
"8,154462466","962,5946655","21,3","32,7"
"8,162862065","962,3277588","21,4","32,7"
"8,17106236","963,1329956","21,4","32,7"
"8,179761844","963,0647583","21,4","32,7"
"8,187862488","963,8476563","21,4","32,7"
"8,196262086","961,0795288","21,5","32,6"
"8,204361799","962,5977173","21,5","32,7"
"8,21286198","961,3275146","21,5","32,7"
"8,221362161","961,6105957","21,5","32,7"
"8,229462805","962,369751","21,5","32,7"
"8,237862403","962,0304565","21,6","32,7"
"8,245962115","961,3616943","21,6","32,7"
"8,254662531","960,1113281","21,6","32,6"
"8,262962478","960,9102783","21,6","32,6"
"8,271161842","961,4297485","21,7","32,7"
"8,279461788","959,8302002","21,7","32,6"
"8,287862318","958,527832","21,7","32,6"
"8,296362499","960,3865356","21,7","32,6"
"8,304562794","960,8264771","21,7","32,6"
"8,312962393","960,3411865","21,8","32,6"
"8,321062105","961,097229","21,8","32,6"
"8,329662869","959,4376831","21,8","32,6"
"8,338062467","960,2047119","21,8","32,6"
"8,34616218","959,7349854","21,8","32,6"
"8,354561778","959,8672485","21,9","32,6"
"8,362763005","959,7727051","21,9","32,6"
"8,371362837","959,0728149","21,9","32,6"
"8,379562201","960,0633545","21,9","32,6"
"8,387862148","959,9484253","22,0","32,6"
"8,396062443","957,8208008","22,0","32,5"
"8,404462042","960,6972046","22,0","32,6"
"8,412962223","959,7390747","22,0","32,6"
"8,421162518","959,4550171","22,0","32,6"
"8,429563048","957,4013062","22,1","32,5"
"8,437762412","960,5948486","22,1","32,6"
"8,446262593","960,0487671","22,1","32,6"
"8,454662191","959,8649292","22,1","32,6"
"8,462862486","958,5706787","22,2","32,6"
"8,471162433","960,8189697","22,2","32,6"
"8,47946238","958,7862549","22,2","32,6"
"8,488062213","958,9337769","22,2","32,6"
"8,496262508","959,3773804","22,2","32,6"
"8,504562455","959,3210449","22,3","32,6"
"8,512761819","957,928833","22,3","32,5"
"8,521262","958,8677368","22,3","32,6"
"8,529662529","959,5852051","22,3","32,6"
"8,537861893","958,3289185","22,4","32,6"
"8,546262423","958,1155396","22,4","32,5"
"8,554362135","959,3046875","22,4","32,6"
"8,563062551","958,2929077","22,4","32,6"
"8,571262846","956,513916","22,4","32,5"
"8,579562793","956,8579102","22,5","32,5"
"8,587861808","956,6860962","22,5","32,5"
"8,596063035","958,0769043","22,5","32,5"
"8,604762519","956,0830688","22,5","32,5"
"8,612962814","957,8735352","22,5","32,5"
"8,621262761","957,6091309","22,6","32,5"
"8,629462125","958,1329346","22,6","32,5"
"8,637862655","956,5440063","22,6","32,5"
"8,646362836","959,0014648","22,6","32,6"
"8,6545622","957,6762695","22,7","32,5"
"8,662862147","957,7282715","22,7","32,5"
"8,671062442","958,8117676","22,7","32,6"
"8,679761926","957,8322144","22,7","32,5"
"8,687963153","956,9401245","22,7","32,5"
"8,696162517","956,7324219","22,8","32,5"
"8,704562115","957,463501","22,8","32,5"
"8,71276241","957,7672729","22,8","32,5"
"8,721362243","957,1481934","22,8","32,5"
"8,729561607","956,3760986","22,9","32,5"
"8,737862485","955,8913574","22,9","32,5"
"8,74606278","956,5963745","22,9","32,5"
"8,754562961","955,6193237","22,9","32,5"
"8,763062211","955,6471558","22,9","32,5"
"8,771161924","956,1509399","23,0","32,5"
"8,779562453","957,2235107","23,0","32,5"
"8,787663097","955,1415405","23,0","32,4"
"8,79636165","957,0293579","23,0","32,5"
"8,804562876","955,9005127","23,0","32,5"
"8,812862823","956,5638428","23,1","32,5"
"8,821262421","955,559082","23,1","32,5"
"8,829461785","955,3347778","23,1","32,5"
"8,838062549","956,1236572","23,1","32,5"
"8,846261913","955,4667969","23,2","32,5"
"8,85456186","954,7780762","23,2","32,4"
"8,862763087","955,2941895","23,2","32,4"
"8,871162685","954,8772583","23,2","32,4"
"8,879762518","955,6351318","23,2","32,5"
"8,88786223","954,866272","23,3","32,4"
"8,896162177","956,7179565","23,3","32,5"
"8,904362472","955,4973755","23,3","32,5"
"8,913061956","956,8917847","23,3","32,5"
"8,921262252","956,46875","23,4","32,5"
"8,92956313","954,0039063","23,4","32,4"
"8,937862145","954,9637451","23,4","32,4"
"8,946162092","952,8665161","23,4","32,4"
"8,954662273","954,4665527","23,4","32,4"
"8,962862568","954,4939575","23,5","32,4"
"8,971161584","954,7047119","23,5","32,4"
"8,97936281","954,1311646","23,5","32,4"
"8,987862992","953,1824951","23,5","32,4"
"8,996363173","954,6663818","23,6","32,4"
"9,004562537","955,6616211","23,6","32,5"
"9,012862483","953,7460938","23,6","32,4"
"9,021061847","953,9119873","23,6","32,4"
"9,029762263","954,1122437","23,6","32,4"
"9,037962558","953,3198242","23,7","32,4"
"9,046261574","953,7133789","23,7","32,4"
"9,0544628","954,8485107","23,7","32,4"
"9,062862398","953,7918701","23,7","32,4"
"9,07136258","955,2872925","23,7","32,4"
"9,079462292","955,5397949","23,8","32,5"
"9,087962473","953,9071655","23,8","32,4"
"9,096063117","951,7133789","23,8","32,3"
"9,104562367","954,1004639","23,8","32,4"
"9,112962896","954,2085571","23,9","32,4"
"9,121262843","954,335022","23,9","32,4"
"9,12956279","952,6572266","23,9","32,4"
"9,137662502","953,2939453","23,9","32,4"
"9,146362918","953,3812256","23,9","32,4"
"9,154562282","954,6066284","24,0","32,4"
"9,162862229","954,1157227","24,0","32,4"
"9,171062524","954,9003906","24,0","32,4"
"9,179463054","954,1552124","24,0","32,4"
"9,188062886","955,4569702","24,1","32,5"
"9,196162599","955,4882813","24,1","32,5"
"9,204562197","953,0651855","24,1","32,4"
"9,212762492","953,0193481","24,1","32,4"
"9,221362325","954,8149414","24,1","32,4"
"9,229662272","954,5302734","24,2","32,4"
"9,237862567","954,374939","24,2","32,4"
"9,246162514","954,3382568","24,2","32,4"
"9,25446246","954,7477417","24,2","32,4"
"9,263062293","953,3529663","24,2","32,4"
"9,271262588","954,2174683","24,3","32,4"
"9,279562535","953,7338867","24,3","32,4"
"9,28776283","952,4848022","24,3","32,4"
"9,29626208","953,6437988","24,3","32,4"
"9,304762261","953,5152588","24,4","32,4"
"9,312862905","952,3681641","24,4","32,3"
"9,321262503","951,9824219","24,4","32,3"
"9,329362216","953,6563721","24,4","32,4"
"9,337962049","952,6973267","24,4","32,4"
"9,346362578","954,9005737","24,5","32,4"
"9,354561942","953,2490845","24,5","32,4"
"9,36286282","952,8103027","24,5","32,4"
"9,371062184","952,3445435","24,5","32,3"
"9,379662948","951,6610107","24,6","32,3"
"9,387862312","953,3292236","24,6","32,4"
"9,39626191","951,4403687","24,6","32,3"
"9,404462206","952,0223999","24,6","32,3"
"9,412861804","952,0640869","24,6","32,3"
"9,421361985","951,3553467","24,7","32,3"
"9,429563212","951,9660034","24,7","32,3"
"9,43796281","952,6574707","24,7","32,4"
"9,446062522","952,0463867","24,7","32,3"
"9,454662355","953,3488159","24,8","32,4"
"9,462962302","953,77771","24,8","32,4"
"9,471161666","952,5323486","24,8","32,4"
"9,479462544","953,4793091","24,8","32,4"
"9,487762491","952,5946655","24,8","32,4"
"9,496363255","951,8928833","24,9","32,3"
"9,504562619","952,967041","24,9","32,4"
"9,512862565","951,7971802","24,9","32,3"
"9,521061929","952,3152466","24,9","32,3"
"9,529462459","952,3528442","24,9","32,3"
"9,538062292","952,0600586","25,0","32,3"
"9,546162935","953,7157593","25,0","32,4"
"9,554562534","951,5951538","25,0","32,3"
"9,562762829","952,5923462","25,0","32,4"
"9,571362662","951,5751953","25,1","32,3"
"9,579662608","952,2976074","25,1","32,3"
"9,587861972","952,0001221","25,1","32,3"
"9,596262502","951,5703735","25,1","32,3"
"9,604462797","952,0689087","25,1","32,3"
"9,613061699","950,9701538","25,2","32,3"
"9,621262925","951,1206055","25,2","32,3"
"9,629662523","951,2059326","25,2","32,3"
"9,637762236","952,2358398","25,2","32,3"
"9,646262417","952,5061035","25,3","32,4"
"9,654662015","950,3452759","25,3","32,3"
"9,662862311","952,7601318","25,3","32,4"
"9,671261909","950,7479858","25,3","32,3"
"9,679362553","950,458313","25,3","32,3"
"9,688062968","951,652771","25,4","32,3"
"9,696262332","952,5407104","25,4","32,4"
"9,704462627","951,1903076","25,4","32,3"
"9,712862226","951,2999268","25,4","32,3"
"9,721062521","951,1344604","25,4","32,3"
"9,729662354","952,3934326","25,5","32,4"
"9,737862649","951,9100952","25,5","32,3"
"9,746263178","951,7285767","25,5","32,3"
"9,754462542","951,5484619","25,5","32,3"
"9,762862141","951,9269409","25,6","32,3"
"9,771362322","951,8769531","25,6","32,3"
"9,779562617","950,1461792","25,6","32,3"
"9,787962215","951,8192139","25,6","32,3"
"9,796062859","951,8451538","25,6","32,3"
"9,804662692","951,2838745","25,7","32,3"
"9,813063221","950,7402954","25,7","32,3"
"9,821162003","949,9268188","25,7","32,3"
"9,829562532","951,2737427","25,7","32,3"
"9,837761896","949,7106323","25,8","32,3"
"9,84636266","951,0391846","25,8","32,3"
"9,854562024","951,0334473","25,8","32,3"
"9,862962554","952,9449463","25,8","32,4"
"9,871062266","951,1290894","25,8","32,3"
"9,879562447","950,6088867","25,9","32,3"
"9,887962977","952,612793","25,9","32,4"
"9,896162341","950,7348633","25,9","32,3"
"9,904561939","951,8166504","25,9","32,3"
"9,912763166","949,4394531","25,9","32,2"
"9,921362067","950,2349854","26,0","32,3"
"9,929662945","950,4331055","26,0","32,3"
"9,937862309","950,9552002","26,0","32,3"
"9,946162256","949,7501831","26,0","32,3"
"9,954462203","952,2466431","26,1","32,3"
"9,963062035","950,578125","26,1","32,3"
"9,971262331","950,1792603","26,1","32,3"
"9,979661929","951,3116455","26,1","32,3"
"9,987762573","950,9487915","26,1","32,3"
"9,996362405","950,5379028","26,2","32,3"
"10,00466235","949,6499023","26,2","32,3"
"10,00706237","-35,25690079","26,2","-1,2"